,Date_,Close_AAPL,High_AAPL,Low_AAPL,Open_AAPL,Volume_AAPL
0,2022-01-03,178.64566040039062,179.4995892112378,174.42515503160624,174.5429321185891,104487900
1,2022-01-04,176.37831115722656,179.55842638666093,175.80903043843506,179.25415901450634,99310400
2,2022-01-05,171.6866912841797,176.83964771384632,171.4118681394032,176.2900014242933,94537600
3,2022-01-06,168.82069396972656,172.05969865170314,168.46734773211566,169.50775193820877,96904000
4,2022-01-07,168.98751831054688,170.92110500332652,167.86859126297153,169.69421065393524,86709100
5,2022-01-10,169.00717163085938,169.31143906710747,165.06147477041716,165.95465755063788,106765600
6,2022-01-11,171.84375,171.9418925722171,167.66249900972133,169.13477238363146,76138300
7,2022-01-12,172.285400390625,173.90489484214223,171.5885328297367,172.86449089372638,74805200
8,2022-01-13,169.00717163085938,173.35527850038557,168.61455640929785,172.53080900021536,84505800
9,2022-01-14,169.8708953857422,170.56776300627916,167.9274839054903,168.1728627813742,80440800
10,2022-01-18,166.6613311767578,169.35067400164021,166.27854073936825,168.33971425733603,90956700
11,2022-01-19,163.15731811523438,167.9176743026287,162.87268520870163,166.85763576058818,94815000
12,2022-01-20,161.46914672851562,166.54358123585433,161.14524474165466,163.89349177041368,91420500
13,2022-01-21,159.40794372558594,163.25548287606637,159.2999764162496,161.38078458519854,122848900
14,2022-01-24,158.632568359375,159.30000684733824,151.84048126776224,157.06215216881375,162294600
15,2022-01-25,156.82655334472656,159.7514654895658,154.1175758189767,156.04133790955973,115798400
16,2022-01-26,156.7382354736328,161.3513560017588,154.90280601323298,160.47780767829823,108275300
17,2022-01-27,156.2769317626953,160.81152952765763,155.3543046036314,159.44722329665106,121954600
18,2022-01-28,167.18153381347656,167.20116831659928,159.79072343360525,162.64693708008207,179935700
19,2022-01-31,171.54930114746094,171.76523578487254,166.37670956776643,167.0147037152971,115541600
20,2022-02-01,171.38243103027344,171.60817541361024,169.12494226668923,170.79351570873365,86213900
21,2022-02-02,172.5896759033203,172.62894490892336,170.12607747590963,171.5198276400682,84914300
22,2022-02-03,169.7040557861328,172.98232955327137,168.9384747506924,171.2548523641826,89418100
23,2022-02-04,169.41903686523438,171.09957339010344,167.73850034036528,168.72126637937606,82465400
24,2022-02-07,168.70164489746094,170.9521728360201,168.00387431629863,169.88096130618518,77251200
25,2022-02-08,171.8170166015625,172.32805922455944,168.4756025229789,168.77043538223953,74829200
26,2022-02-09,173.2420196533203,173.60563833840823,171.8857975368838,173.01598763252147,71285000
27,2022-02-10,169.1536865234375,172.45578102776864,168.59351767675065,171.13887812913805,90865900
28,2022-02-11,165.7336883544922,170.09717260247885,165.14402264688573,169.3600979658817,98670700
29,2022-02-14,165.96954345703125,166.65747672658372,163.68951891129095,164.48555705147456,86185500
30,2022-02-15,169.81210327148438,169.96934940522857,167.31588463051588,168.02347723654816,62527400
31,2022-02-16,169.57627868652344,170.3526572392932,167.11936365193407,168.88834547600229,61177400
32,2022-02-17,165.96954345703125,168.94732353481027,165.56660575778602,168.0824845697611,69589300
33,2022-02-18,164.416748046875,167.6009001587836,163.32587723184227,166.89332246399607,82772700
34,2022-02-22,161.4881591796875,163.8173104192216,159.35554319733427,162.13677351501823,91162800
35,2022-02-23,157.31137084960938,163.28657531432245,156.9968785115613,162.68708741626082,90009200
36,2022-02-24,159.93536376953125,160.04346864256559,149.38045024208816,149.95045639119465,141147500
37,2022-02-25,162.0089874267578,162.27432346013268,158.09756779697935,161.0163841306603,91974200
38,2022-02-28,162.27432250976562,162.56915531871957,159.63067948265063,160.24982688187194,95056600
39,2022-03-01,160.38743591308594,163.72884988791748,159.1786377230553,161.86158516779412,83474400
40,2022-03-02,163.6894989013672,164.47571468295504,160.14171312084568,161.55689852854007,79724800
41,2022-03-03,163.36521911621094,165.99904029600498,162.6969453068408,165.56662077426103,76678400
42,2022-03-04,160.35794067382812,162.69692876038988,159.30638875818744,161.65519910712737,83737200
43,2022-03-07,156.5546417236328,162.17606497919274,156.29911294194886,160.54466966467405,96418800
44,2022-03-08,154.72671508789062,160.07296568987567,153.11497909721768,156.0829372614916,131148300
45,2022-03-09,160.14173889160156,160.59381791240634,156.66275336768058,158.69707147174915,91454900
46,2022-03-10,155.78807067871094,157.6258383019349,153.29183663849042,157.43911036241218,105342000
47,2022-03-11,152.06338500976562,156.5349734862068,151.83735301963387,156.1909993742422,96970100
48,2022-03-14,148.02420043945312,151.4638812144724,147.51317294986788,148.8398979655987,108732100
49,2022-03-15,152.41717529296875,152.88891376980982,147.78835583208624,148.29938335493543,92964300
50,2022-03-16,156.8396453857422,157.24258310394316,151.79806526213048,154.34342597712845,102300200
51,2022-03-17,157.85189819335938,158.22535413843605,154.91343692811435,155.8765435805617,75615400
52,2022-03-18,161.15396118164062,161.64534417157984,157.006687546888,157.74376203179685,123511700
53,2022-03-21,162.5298614501953,163.48314576119236,160.20069560988745,160.6920786569655,95811400
54,2022-03-22,165.9105682373047,166.5002188572966,162.067949464373,162.6576000843649,81532000
55,2022-03-23,167.276611328125,169.66472556538113,164.76071771343146,165.0948695579846,98062700
56,2022-03-24,171.07009887695312,171.1388847047802,167.27662120536306,168.11196337652208,90131400
57,2022-03-25,171.70889282226562,172.25923943454524,169.77284242104022,170.8833729038462,80546200
58,2022-03-28,172.57373046875,172.701479862601,169.03576656556126,169.202835000459,90371900
59,2022-03-29,175.87582397460938,175.92495028186923,173.30096665224875,173.64494077798946,100589400
60,2022-03-30,174.70631408691406,176.51459990792134,173.6547472805492,175.4728703587719,92633200
61,2022-03-31,171.60079956054688,174.96185802360853,171.3944120690703,174.77513005413485,103049300
62,2022-04-01,171.3059539794922,171.86613784627107,168.97680315531144,171.0307806751932,78751300
63,2022-04-04,175.3647918701172,175.4139331761271,171.43372732246453,171.56149171892602,76468400
64,2022-04-05,172.0430145263672,175.22718178273516,171.41404488266946,174.44096597915822,73401800
65,2022-04-06,168.86868286132812,170.63766465296877,167.19798366759716,169.38954763944744,89058800
66,2022-04-07,169.17335510253906,170.37233093887772,166.9228273416991,168.21024852764788,77594700
67,2022-04-08,167.1586456298828,168.81952237336554,166.28398459285444,168.81952237336554,76575500
68,2022-04-11,162.89346313476562,166.1169343880837,162.64777163682479,165.80245706854532,72246700
69,2022-04-12,164.77056884765625,166.94247354315863,163.76814322121325,165.12436524547022,79265200
70,2022-04-13,167.4633331298828,168.09230281785548,163.89590247589382,164.5052126435429,70618900
71,2022-04-14,162.44139099121094,168.318342665353,162.1956994829688,167.67953574643167,75329400
72,2022-04-18,162.2252197265625,163.72885077484435,160.75107046386879,161.09502962767093,69023900
73,2022-04-19,164.51502990722656,164.92780484237912,161.0851860080734,162.17605691767423,67723800
74,2022-04-20,164.3479766845703,165.96954980606952,163.23746114831818,165.85160767261976,67929800
75,2022-04-21,163.5519256591797,168.57386081804293,163.05072036783037,165.9990185433864,87227800
76,2022-04-22,159.00169372558594,164.97691239861385,158.71669820313346,163.59122382969923,84882400
77,2022-04-25,160.07296752929688,160.35796313638966,155.72914261422412,158.343289375942,96046400
78,2022-04-26,154.0977325439453,159.54225031873102,154.0191094538627,159.453804965821,95623200
79,2022-04-27,153.87171936035156,157.03621289741787,152.70222512048082,153.2230900346685,88063200
80,2022-04-28,160.81983947753906,161.68467841985887,156.19100467866673,156.50549701980856,130216800
81,2022-04-29,154.93307495117188,163.33572839193604,154.53997449609216,159.05086744995398,131747600
82,2022-05-02,155.23773193359375,155.5030679702358,150.6285567574635,154.009274370481,123055300
83,2022-05-03,156.73155212402344,157.94036536820087,153.62602227442122,155.42447125561708,88966500
84,2022-05-04,163.1588134765625,163.6108774332453,156.5153058023954,156.9182434563484,108256500
85,2022-05-05,154.0682373046875,161.2522547050873,152.2795959021098,161.0262227132276,130525300
86,2022-05-06,154.7965545654297,156.92245186539364,151.74549742097102,153.54660360417492,116124600
87,2022-05-09,149.6589813232422,153.36945750408893,149.0979893908198,152.48365942752434,131577900
88,2022-05-10,152.07025146484375,154.26505014141273,150.51519817181702,153.06431297866865,115366700
89,2022-05-11,144.18679809570312,152.99547661401954,143.50769063696876,151.07626967706778,142689800
90,2022-05-12,140.3089599609375,143.89148337119573,136.60833616921673,140.5156506463481,182602000
91,2022-05-13,144.78713989257812,145.7615132406745,140.85029972421802,142.3069263815123,113990900
92,2022-05-16,143.24191284179688,145.19065940090803,141.90338667799685,143.25176455295096,86643800
93,2022-05-17,146.8834991455078,147.40512922042456,144.36390904477065,146.5094945567554,78336300
94,2022-05-18,138.59646606445312,145.0331931657119,137.69097960525806,144.5312514480339,109742900
95,2022-05-19,135.1812744140625,139.42321789277696,134.4431167780582,137.67132497142188,136095600
96,2022-05-20,135.41744995117188,138.47834364409812,130.51608836864122,136.89376494741566,137426100
97,2022-05-23,140.85031127929688,140.9979367905799,135.47651740077447,135.61430621725685,117726300
98,2022-05-24,138.1437225341797,139.72830130754187,135.16156729888525,138.58661405091433,104132700
99,2022-05-25,138.3012237548828,139.5511599163244,136.15563767475544,136.24421298990842,92482700
100,2022-05-26,141.50970458984375,142.06085975579472,134.97455116041425,135.2206036464889,90601500
101,2022-05-27,147.2771759033203,147.31653769335477,142.96633152872457,143.09428362757757,90978500
102,2022-05-31,146.4898223876953,148.28109191355486,144.5214022588055,146.71620151537235,103718400
103,2022-06-01,146.3618927001953,149.34404814498973,145.34814246607627,147.5330901211728,74286600
104,2022-06-02,148.8223876953125,148.88143788729292,144.54106856251593,145.49575338046964,72348100
105,2022-06-03,143.08447265625,145.63357327354205,142.17900114416437,144.58046123211946,88570300
106,2022-06-06,143.83242797851562,146.22406574159245,142.61200234875395,144.70837415100206,71598400
107,2022-06-07,146.3618927001953,146.64730702547615,141.82468347271976,142.07073600128598,67808200
108,2022-06-08,145.6237335205078,147.5035634046079,145.1316284687619,146.23393897895934,53950200
109,2022-06-09,140.3876953125,145.61384732144396,140.27943162604245,144.75758953991215,69473000
110,2022-06-10,134.96473693847656,138.53740941897706,134.89583502233484,138.06499277205677,91437900
111,2022-06-13,129.79762268066406,133.0651921487905,129.3645678675484,130.77198099232118,122207100
112,2022-06-14,130.66371154785156,131.77587363104502,129.40392397478837,131.02787945261767,84784300
113,2022-06-15,133.29156494140625,135.17140981281415,130.0732087681398,132.16956604237166,91533000
114,2022-06-16,128.00634765625,130.29955871287268,127.00244927117835,129.99445602178534,108123900
115,2022-06-17,129.48265075683594,130.9786539949958,127.7602834489197,128.01618763180625,134520300
116,2022-06-21,133.724609375,134.8958216908251,131.21488586149243,131.31329785187046,81000500
117,2022-06-22,133.2128448486328,135.5847798082292,131.7955798825567,132.6616745701608,73409200
118,2022-06-23,136.08670043945312,136.40163978280717,133.4883870309174,134.65959915763983,72433800
119,2022-06-24,139.42320251464844,139.66925503284406,137.56304607780373,137.6909831751248,89116800
120,2022-06-27,139.42320251464844,141.2243087499828,138.74409516157192,140.4467743824865,70207900
121,2022-06-28,135.26983642578125,141.15540852649434,135.1517360213465,139.88578412525837,67083400
122,2022-06-29,137.03158569335938,138.4488508230255,134.51200991522234,135.28954440451295,66242400
123,2022-06-30,134.56117248535156,136.18511273785495,131.65775641864977,135.08280250671814,98964500
124,2022-07-01,136.73629760742188,136.84456131567046,133.51794149629842,133.89193111018585,71051600
125,2022-07-05,139.32476806640625,139.3739815709903,134.76787086684834,135.59461869744254,73353800
126,2022-07-06,140.6632843017578,141.84433323860637,138.85234159739986,139.11808248899268,74064300
127,2022-07-07,144.03912353515625,144.2359625097589,141.01759196163377,141.02742865411602,66253700
128,2022-07-08,144.71823120117188,145.22018791054785,142.7104494172261,142.96633860975416,64547800
129,2022-07-11,142.58248901367188,144.32454481016836,141.50970378477396,143.36985996820178,63141600
130,2022-07-12,143.55686950683594,146.10596977247354,142.7596618190989,143.4584425008562,77588800
131,2022-07-13,143.19273376464844,144.13756705664937,139.87593549444708,140.732208499025,71185600
132,2022-07-14,146.12567138671875,146.5980880188513,140.9880935814835,141.80498974783282,78140700
133,2022-07-15,147.79881286621094,148.47792016432717,145.85991797831633,147.4149715696043,76259900
134,2022-07-18,144.747802734375,149.17674867757293,144.3836347446811,148.3598524014626,81420900
135,2022-07-19,148.61570739746094,148.8420714884981,144.59029217223815,145.58433884840355,82982400
136,2022-07-20,150.6234893798828,151.29275997844778,147.99565052411046,148.73380801228873,64823400
137,2022-07-21,152.8970184326172,153.11354581836207,149.54085897142338,152.06043398607093,65086600
138,2022-07-22,151.6569061279297,153.81232830048907,150.98765057695607,152.93638205415488,66675400
139,2022-07-25,150.53492736816406,152.59192281243702,149.8755084226827,151.5781876406526,53623900
140,2022-07-26,149.2062530517578,150.67271644888328,148.4188819899041,149.85582028627226,55138700
141,2022-07-27,154.31427001953125,154.84575179759253,149.75738820549032,150.17075457850913,78620700
142,2022-07-28,154.86546325683594,155.15087757432116,151.97188319707365,154.50129531236348,81378700
143,2022-07-29,159.94395446777344,161.0462798301135,156.981487908036,158.6940186370959,101786900
144,2022-08-01,158.95974731445312,161.00690586019908,158.34954193697632,158.46764232800993,67829400
145,2022-08-02,157.48345947265625,159.84557282503414,157.10946983070068,157.57204979903847,59907000
146,2022-08-03,163.5067901611328,163.9595182903737,158.21173626607992,158.30031154990738,82507500
147,2022-08-04,163.19183349609375,164.55004790038592,161.83361909180155,163.38867246333234,55474100
148,2022-08-05,162.96517944335938,163.45796799318663,160.64906724368603,160.85604505164724,56697000
149,2022-08-08,162.4921112060547,165.3897106347166,161.8317762742878,163.97047703384425,60276900
150,2022-08-09,162.54139709472656,163.42842563656737,160.8954849037263,161.654383591601,63135500
151,2022-08-10,166.799072265625,166.89762095148,164.49281044366623,165.26155937141485,70170500
152,2022-08-11,166.05987548828125,168.5238180082282,165.7641993781453,167.6072235706779,57149200
153,2022-08-12,169.6178436279297,169.68682621240507,166.9567731335436,167.3707287952548,68039400
154,2022-08-15,170.69210815429688,170.88922057556053,168.8786498167292,169.04619612673898,54091700
155,2022-08-16,170.53440856933594,171.20460883381332,169.1841727217911,170.28801428832625,56377100
156,2022-08-17,172.03250122070312,173.60941569871042,170.08106259876365,170.27817502867526,79542000
157,2022-08-18,171.63827514648438,172.377458097225,170.62313176389785,171.24405025490896,62290100
158,2022-08-19,169.0461883544922,171.23417071896347,168.83921054651765,170.53440436112984,70346300
159,2022-08-22,165.1531982421875,167.41016368127242,164.72939217570928,167.24261734201428,69026800
160,2022-08-23,164.81808471679688,166.27674992255248,164.24644808838713,164.6702541399305,54147100
161,2022-08-24,165.11373901367188,165.68537556627746,163.85220146265053,164.90677623350408,53841500
162,2022-08-25,167.5776824951172,167.68609658373745,165.92192009296824,166.34571105112042,51218200
163,2022-08-26,161.2601318359375,168.58297803338863,161.20099961189769,168.10990520235598,78961000
164,2022-08-29,159.05245971679688,160.55052629290446,157.5149616294303,158.82576612384563,73314000
165,2022-08-30,156.61807250976562,160.21542318351743,155.44523326516241,159.79163221679283,77906200
166,2022-08-31,154.95245361328125,158.26399371424608,154.87360563007792,157.99788365077418,87991100
167,2022-09-01,155.68173217773438,156.13508912550432,152.4391757876173,154.3807634642174,74229900
168,2022-09-02,153.5627899169922,158.04716944145756,152.734908630889,157.44596671349123,76957800
169,2022-09-06,152.30123901367188,154.8243141649417,151.47335779942037,154.2132611313819,73714800
170,2022-09-07,153.71063232421875,154.41038374001005,151.39451980442465,152.58707487686897,87449600
171,2022-09-08,152.2322540283203,154.10484460794962,150.47791285622748,152.4096506976959,84923800
172,2022-09-09,155.1002655029297,155.54378723487187,152.51805827855026,153.2276750032018,68028800
173,2022-09-12,161.0728759765625,161.89090686431402,157.00245233153106,157.2882631049793,104956000
174,2022-09-13,151.62118530273438,158.2245492067868,151.15796283866058,157.59378043168627,122656600
175,2022-09-14,153.0699920654297,154.83418366980385,151.3945138382118,152.557487712131,87965400
176,2022-09-15,150.17236328125,153.00097950894386,149.1966516721034,152.41947764718566,90481100
177,2022-09-16,148.52647399902344,149.167108171916,146.23007742711988,149.0291279719984,162278800
178,2022-09-19,152.25193786621094,152.3307858345421,146.94954358467322,147.15650634266927,81474200
179,2022-09-20,154.63706970214844,155.800058716333,150.87217230085707,151.1875492113153,107689800
180,2022-09-21,151.5029296875,156.4505314848071,151.38466523487358,155.07071436973487,101696800
181,2022-09-22,150.5370635986328,152.24210790592508,148.73345555804372,150.18225521296424,86652500
182,2022-09-23,148.2603759765625,149.28538472080464,146.4173513628068,149.00942429859677,96029900
183,2022-09-26,148.59548950195312,151.55222131778743,147.4817823722665,147.50149812854582,93339400
184,2022-09-27,149.57119750976562,152.48851277634017,147.78730509985635,150.53707403917747,84442700
185,2022-09-28,147.6788787841797,148.46734352386844,142.75099295951767,145.5106120290712,146691400
186,2022-09-29,140.42503356933594,144.603886261403,138.65099162276434,143.99283321708396,128138200
187,2022-09-30,136.2067413330078,141.03607776050177,136.00962893649438,139.2423203631924,124925300
188,2022-10-03,140.39547729492188,141.0065454207756,135.7041349641021,136.21663934873945,114311700
189,2022-10-04,143.99281311035156,144.11107754403744,142.1793399077984,142.9382384476115,87830100
190,2022-10-05,144.28848266601562,145.25435906019973,140.94737686981628,141.9921012373244,79471000
191,2022-10-06,143.3324737548828,145.41204208560697,143.12551098076761,143.7069978739473,68402200
192,2022-10-07,138.06947326660156,141.0360695527831,137.43870461123964,140.4841338204693,85925600
193,2022-10-10,138.3947296142578,139.84352910239818,136.57142106787293,138.3947296142578,74899000
194,2022-10-11,136.9755096435547,139.31133774176766,136.22647641502994,137.88223882715224,77033700
195,2022-10-12,136.3447265625,138.33559643003326,136.1673299106835,137.1233408598166,70433700
196,2022-10-13,140.92767333984375,141.51901056988928,132.4319886081597,133.04305662953354,113224000
197,2022-10-14,136.38417053222656,142.43561361849277,136.19690846794037,142.22863580040965,88598000
198,2022-10-17,140.35606384277344,140.83898708446822,138.24692906829756,139.0353938988536,85250900
199,2022-10-18,141.67672729492188,144.58417712557898,138.5820153837327,143.39163709489873,99136600
200,2022-10-19,141.78512573242188,142.85940118883795,139.45916311704835,139.6464251768979,61758300
201,2022-10-20,141.32191467285156,143.78585768272674,140.59258212799125,140.95725591977873,64522000
202,2022-10-21,145.14596557617188,145.71760218486398,140.5925884624425,140.80941666017796,86548600
203,2022-10-24,147.29449462890625,148.06324356402658,143.89425664068742,145.06709579621315,75981900
204,2022-10-25,150.14280700683594,150.2906525903393,147.20579155352908,147.92525860269856,74732300
205,2022-10-26,147.19595336914062,149.7978764436125,145.9048346701109,148.78273318220164,88194300
206,2022-10-27,142.71157836914062,146.900281375259,142.0512434645865,145.934419951747,109180200
207,2022-10-28,153.49380493164062,155.22841546191245,145.68803498734457,146.06254411260886,164762400
208,2022-10-31,151.12840270996094,152.01543120421692,149.7288849047636,150.9510060343384,97943200
209,2022-11-01,148.47718811035156,153.20796132588728,146.97912170575748,152.84330260142488,80379300
210,2022-11-02,142.938232421875,149.97525166506418,142.90866631469993,146.80169249277182,93604600
211,2022-11-03,136.876953125,140.74041357111363,136.74882328898968,140.01108109963562,97918500
212,2022-11-04,136.6103973388672,140.84553006556408,132.66154945569053,140.27294531486436,140814800
213,2022-11-07,137.14349365234375,137.37054820183675,133.93505454893932,135.35664228494105,83374600
214,2022-11-08,137.71607971191406,139.62139172038218,135.73178893253106,138.61444628445304,89908500
215,2022-11-09,133.14527893066406,136.77822695953947,132.86886077303504,136.72886334632145,74917800
216,2022-11-10,144.99183654785156,144.99183654785156,137.7160881791185,139.43384265889435,118854000
217,2022-11-11,147.78564453125,148.09167786414133,142.5238023668343,143.955271925704,93979700
218,2022-11-14,146.3837890625,148.35821299381362,145.54465286622803,147.06496772898868,73374100
219,2022-11-15,148.1212921142578,151.6258979697989,146.66022247085542,150.2734222564666,89868300
220,2022-11-16,146.88726806640625,147.95345884286033,145.40645005416332,147.22293159756276,64218300
221,2022-11-17,148.79261779785156,149.5428936157141,144.28105100101916,144.5574692004244,80389400
222,2022-11-18,149.35533142089844,150.74730427835462,148.05221911239073,150.36229211178835,74829600
223,2022-11-21,146.11724853515625,148.44706955079,145.83096367172806,148.23976345815655,58724100
224,2022-11-22,148.25950622558594,148.49644255294848,145.05106689456673,146.23573346771818,51804100
225,2022-11-23,149.13815307617188,149.8884289191742,147.4302651381728,147.53885908183943,58301400
226,2022-11-25,146.2159881591797,146.97614571181424,145.23864273436385,146.41342757107319,35195900
227,2022-11-28,142.37571716308594,144.76476841756258,141.54646269068775,143.28395040385445,69246000
228,2022-11-29,139.36473083496094,142.95818228893546,138.55522474324414,142.4448277773216,83763800
229,2022-11-30,146.13702392578125,146.81820276871952,138.75268072768486,139.59180207766,111380900
230,2022-12-01,146.41342163085938,147.22294276953917,144.73516410236186,146.3147094607483,71250400
231,2022-12-02,145.91981506347656,146.10738776877085,143.7874333564375,144.09348175456344,65447400
232,2022-12-05,144.7549285888672,148.99006226616046,143.90592550087496,145.88034988563246,68826400
233,2022-12-06,141.08248901367188,145.4163496587564,140.10514358274577,145.18929508684244,64727200
234,2022-12-07,139.13768005371094,141.53659829976584,138.20969824104947,140.37169521657745,69721100
235,2022-12-08,140.82577514648438,141.68465976495335,139.295608712893,140.5394903161004,62128300
236,2022-12-09,140.34207153320312,143.70846830830249,139.0981746838461,140.51976247530513,76097000
237,2022-12-12,142.64230346679688,142.6521701663809,139.25615761520962,140.8751851031327,70462700
238,2022-12-13,143.6097412109375,148.05219553159674,142.39547458111565,147.5882046530128,93886200
239,2022-12-14,141.37864685058594,144.78452547159364,139.35485909896488,143.49128007302596,82291200
240,2022-12-15,134.7544403076172,139.98666700994897,134.29044945457875,139.3054883080985,98931900
241,2022-12-16,132.78988647460938,135.8897316869335,132.01986228619933,134.94201656134896,160156900
242,2022-12-19,130.67726135253906,133.47107341378072,129.64070069453433,133.38222793972224,79592600
243,2022-12-20,130.60816955566406,131.54601807895426,128.22898467531743,129.70980289008992,77432800
244,2022-12-21,133.71788024902344,135.06048935091275,131.05241050570748,131.27946507821224,85928000
245,2022-12-22,130.53904724121094,132.8392531621343,128.63373518479884,132.63194706396897,77852100
246,2022-12-23,130.17376708984375,130.72660336639342,127.98215537662273,129.2457854554959,63814900
247,2022-12-27,128.36720275878906,129.72956043211943,127.07395717087711,129.69994527084378,69007800
248,2022-12-28,124.4281997680664,129.35438547518544,124.26037553788484,128.0117765700734,85438400
249,2022-12-29,127.95256805419922,128.81143780896,126.09661191364768,126.3532816511138,75703700
250,2022-12-30,128.26846313476562,128.28821159493137,125.80044037402875,126.76791156272077,77034200
251,2023-01-03,123.47061157226562,129.22605213593528,122.58211921528644,128.6139854814398,112117500
252,2023-01-04,124.74412536621094,127.01471627825023,123.48049504473303,125.26734659008874,89113600
253,2023-01-05,123.42124938964844,126.13608257581905,123.16457967496471,125.50426745503849,80962700
254,2023-01-06,127.96245574951172,128.62388619447051,123.29294570645555,124.39862621330377,87754700
255,2023-01-09,128.48565673828125,131.70397802412538,128.22898699932045,128.80157186038267,70790800
256,2023-01-10,129.05825805664062,129.58147936363704,126.48163338512475,128.59426707667564,63896200
257,2023-01-11,131.78292846679688,131.80266185993827,128.7916774670581,129.5715682785917,69458900
258,2023-01-12,131.70396423339844,132.5430854442494,129.75915527463124,132.16795510561155,71379600
259,2023-01-13,133.0366973876953,133.19465493922883,129.97634891095512,130.34161256817276,57809700
260,2023-01-17,134.20162963867188,135.53435707802646,132.41477795673228,133.1058234879157,63646600
261,2023-01-18,133.48094177246094,136.83745656269951,133.30323577852656,135.0703537024429,69672800
262,2023-01-19,133.54019165039062,134.50765533885576,132.0593734264766,132.36540678256628,58280400
263,2023-01-20,136.10696411132812,136.2550550044613,132.5036450000661,133.55008769808015,80223600
264,2023-01-23,139.3054962158203,141.4872415250396,136.136538833656,136.3537266947968,81760300
265,2023-01-24,140.70733642578125,141.32928485597137,138.50585770726414,138.51572440513698,66435100
266,2023-01-25,140.04591369628906,140.60861677861874,137.03491367991992,139.0883167228264,65799300
267,2023-01-26,142.11907958984375,142.4053645091988,140.08540973782974,141.33917349067576,54105100
268,2023-01-27,144.06385803222656,145.34723680622537,141.25031251687773,141.3292912944412,70555800
269,2023-01-30,141.17132568359375,143.68871946900538,141.02324989890042,143.10626796433064,64015300
270,2023-01-31,142.44480895996094,142.4941725713441,140.46051831709534,140.87514553812727,65874500
271,2023-02-01,143.57025146484375,144.7351696002277,139.51282411039048,142.1289302044529,77663600
272,2023-02-02,148.89134216308594,149.24672407231745,146.2752209542802,146.9958815985471,118339000
273,2023-02-03,152.52427673339844,155.36745253753844,145.93957351960248,146.13701293629845,154357300
274,2023-02-06,149.78968811035156,151.14217893420934,148.85183962560956,150.61895772492184,69858300
275,2023-02-07,152.67234802246094,153.24493285853742,148.71363285221915,148.71363285221915,83322600
276,2023-02-08,149.9772491455078,152.60323674930237,149.23684012618935,151.91219134400382,64120100
277,2023-02-09,148.9407196044922,152.35648089884015,148.49647706813525,151.81351110388624,56007100
278,2023-02-10,149.3065185546875,149.63279778324025,147.5367173791987,147.77401547814478,57450700
279,2023-02-13,152.11448669433594,152.5198501850578,149.21753098880535,149.24719136406156,62199000
280,2023-02-14,151.4718017578125,152.03537903023067,149.15820209418638,150.40398304690967,61707600
281,2023-02-15,153.57778930664062,153.74586979762776,151.15542974516777,151.38283098748437,65573800
282,2023-02-16,151.97607421875,154.56651436571883,151.6201346111262,151.77831825822219,68167900
283,2023-02-17,150.8291473388672,151.2740680510971,149.1483273778538,150.63140647639398,59144100
284,2023-02-21,146.8050537109375,149.59324968756485,146.73585119733022,148.50565230235682,58867200
285,2023-02-22,147.23020935058594,148.2584708875877,145.4999504020457,147.19065212608928,51011300
286,2023-02-23,147.71466064453125,148.6440592209031,145.57903837527164,148.3968793904493,48394200
287,2023-02-24,145.05503845214844,145.52961956815125,144.07620075664735,145.4505202010405,55469600
288,2023-02-27,146.2513885498047,147.4872879410314,145.78668917177046,146.0437659006096,44998500
289,2023-02-28,145.7471160888672,147.39827551462352,145.17365708267755,145.39117653628946,50547000
290,2023-03-01,143.67080688476562,145.56914623363537,143.37418806129784,145.17366452678502,55479000
291,2023-03-02,144.2640380859375,145.05501655095708,142.27670261816016,142.75129874916755,52238100
292,2023-03-03,149.3262939453125,149.4053933099208,145.66803508048022,146.3700174255545,70732300
293,2023-03-06,152.09469604492188,154.53683399214765,151.72887472127306,152.0551388232703,87558000
294,2023-03-07,149.88986206054688,152.29244288057856,149.42516275115915,151.96616367909397,56182000
295,2023-03-08,151.14552307128906,151.73876071934626,150.11726157953802,151.08620232381537,47204800
296,2023-03-09,148.89125061035156,152.79668921738386,148.53531102339875,151.82774843104707,53833600
297,2023-03-10,146.82481384277344,149.237291312372,145.9448542824683,148.51553045848686,68572400
298,2023-03-13,148.77259826660156,151.41247705797895,146.03384150790953,146.14260123729179,84457100
299,2023-03-14,150.86868286132812,151.66954312555754,148.40678132116508,149.57346291926225,73695900
300,2023-03-15,151.26419067382812,151.5212522938301,148.2288147892157,149.48449268664993,77167900
301,2023-03-16,154.09190368652344,154.6950230424289,149.92938893729746,150.4435271800346,76161100
302,2023-03-17,153.25152587890625,154.97190327803574,152.53964661627768,154.31934477284912,98944600
303,2023-03-20,155.62440490722656,156.03968027113282,152.41106732424598,153.3207023163031,73641400
304,2023-03-21,157.4832305908203,157.60187209543255,154.77413390443738,155.5453489444009,73938300
305,2023-03-22,156.04957580566406,160.31095376257457,156.02979719452793,157.50299444764113,75701800
306,2023-03-23,157.1371612548828,159.72761624709545,155.9012620500719,157.03829837049406,67622100
307,2023-03-24,158.44229125976562,158.53127238912836,156.06937062345713,157.06797183296018,59196500
308,2023-03-27,156.49449157714844,158.9564080964957,156.08911303822106,158.13576925671327,52390300
309,2023-03-28,155.87159729003906,156.70213299816345,154.22043780927265,156.1879947191645,45992200
310,2023-03-29,158.9564208984375,159.23326112130354,157.5524411719995,157.57220469744664,51305700
311,2023-03-30,160.5284881591797,160.6372479005565,159.45078759523014,159.70784921727477,49501700
312,2023-03-31,163.03982543945312,163.1387034155815,160.08356404514288,160.60758412796915,68749800
313,2023-04-03,164.29551696777344,164.41415847965385,162.36751696640553,162.41695595857647,56976200
314,2023-04-04,163.76156616210938,164.95790794732252,163.24742795309683,164.72062499443805,46278300
315,2023-04-05,161.91265869140625,163.18811497040738,159.9747774130157,162.88161441725998,51511700
316,2023-04-06,162.8025360107422,163.09915484076092,160.17253885078875,160.5976809407093,45390100
317,2023-04-10,160.2021942138672,160.2021942138672,158.2741945090455,159.59907481013732,47716900
318,2023-04-11,158.986083984375,160.52848384854775,158.6993469072352,160.5186020856557,47644200
319,2023-04-12,158.2939910888672,160.23187277591592,157.9775936210526,159.40135205289505,50133100
320,2023-04-13,163.69239807128906,163.92969618258195,159.59909994312628,159.80673767634033,68445600
321,2023-04-14,163.34634399414062,164.44382316709542,161.9720245871667,162.73332768738865,49386500
322,2023-04-17,163.36610412597656,163.52430285260365,162.17964384959518,163.22768401184308,41516200
323,2023-04-18,164.59213256835938,165.5215312907478,163.78137535549732,164.2263111895451,49923000
324,2023-04-19,165.73902893066406,166.26304897753164,163.67259403000486,163.92967071563345,47720200
325,2023-04-20,164.7700653076172,165.97630406053003,163.6923648914332,164.2163849134918,52456400
326,2023-04-21,163.15847778320312,164.5723392677561,162.63445771401044,163.18813815793777,58337300
327,2023-04-24,163.4649658203125,163.73192425907348,162.04120759579996,163.1386866366401,41949600
328,2023-04-25,161.92257690429688,164.43391748853472,161.88301968061162,163.32655661191464,48714100
329,2023-04-26,161.91265869140625,163.4155161732815,160.9634966614439,161.2205582348382,45498800
330,2023-04-27,166.51022338867188,166.65852525119462,163.32654598880194,163.32654598880194,64902300
331,2023-04-28,167.7659149169922,167.9340105056485,165.98623191391812,166.58935140303254,55209200
332,2023-05-01,167.6769256591797,168.52722497825897,166.7376452115908,167.37042504765017,52472900
333,2023-05-02,166.63876342773438,168.42835824019505,165.65004401355455,168.17128153704527,48425700
334,2023-05-03,165.56105041503906,168.9919077307227,165.27432844465707,167.58792807875122,65136000
335,2023-05-04,163.91976928710938,165.1556684360722,162.45646891900202,163.02992793451995,81235400
336,2023-05-05,171.61203002929688,172.33379095243657,168.8337158986843,169.05123536921852,113316400
337,2023-05-08,171.5428009033203,171.88885869773142,170.168481660933,170.53430297922057,55962800
338,2023-05-09,169.8323516845703,171.58237432630546,169.6642711810136,171.09791142977792,45326900
339,2023-05-10,171.60214233398438,172.06684167430913,169.96086445482297,171.06824047843108,53724500
340,2023-05-11,171.79000854492188,172.62052928198048,170.2278299661715,171.8888865269506,49514700
341,2023-05-12,170.8593292236328,172.3345492571858,169.3048853057611,171.89890853860956,45497800
342,2023-05-15,170.36427307128906,171.49297161869612,169.77021484316816,171.44346424843133,37266700
343,2023-05-16,170.36427307128906,171.42365827881974,170.09694535788182,170.28506430037106,42110300
344,2023-05-17,170.97811889648438,171.21573009717264,168.7306172756303,170.00783790944186,57951600
345,2023-05-18,173.31472778320312,173.50284672542747,170.86921174934298,171.2850464654308,65496700
346,2023-05-19,173.42364501953125,174.64144781679403,173.20582466782196,174.64144781679403,55772400
347,2023-05-22,172.47312927246094,172.97808324363118,171.73056412194157,172.2553089530398,43570900
348,2023-05-23,169.8592987060547,171.66126403673206,169.5820755948007,171.41374232257482,50747300
349,2023-05-24,170.13653564453125,170.71078788094945,168.82962874348078,169.39397044171028,45143500
350,2023-05-25,171.27517700195312,172.17614480297772,169.98806071937864,170.70092465718818,56058300
351,2023-05-26,173.69097900390625,174.02762011184453,171.39398470447364,171.60190965033163,54835000
352,2023-05-30,175.5424041748047,177.21565339375218,174.81964499350826,175.20577826653255,55964400
353,2023-05-31,175.49293518066406,177.5721240946458,175.00778707206032,175.57214396008078,99625300
354,2023-06-01,178.30474853515625,178.33444993394386,175.17607026429087,175.93844141740337,68901800
355,2023-06-02,179.15626525878906,179.97803939925643,177.4830155722075,179.2354740430242,61945900
356,2023-06-05,177.79983520507812,183.11659785767154,176.27509267968756,180.81960374527281,121946500
357,2023-06-06,177.43350219726562,178.33446990727649,175.67113339582835,178.18596289670575,64848400
358,2023-06-07,176.05728149414062,179.41367589423808,175.56223798316736,176.67113061333816,61944600
359,2023-06-08,178.77999877929688,179.04731136486936,175.70082791608735,176.1364534617516,50214900
360,2023-06-09,179.16615295410156,180.42355258623877,178.83942242611607,179.70079329510486,48870700
361,2023-06-12,181.9680633544922,182.0670780867689,179.17602617310777,179.4730552624109,54274900
362,2023-06-13,181.4928436279297,182.32451307330234,180.63147278147434,180.98790470199526,54929100
363,2023-06-14,182.12649536132812,182.56213604593384,180.21563475820471,181.5522431050323,57462900
364,2023-06-15,184.1660919189453,184.67104599748652,181.95820196536692,182.136425495302,65433200
365,2023-06-16,183.0868682861328,185.13635542691418,182.4433178422068,184.878923163322,101235600
366,2023-06-20,183.1759796142578,184.2551858622496,182.58193651385486,182.58193651385486,49799100
367,2023-06-21,182.1363983154297,183.5720213426237,180.77996894802234,183.06706733943585,49515700
368,2023-06-22,185.14625549316406,185.1957628610581,181.84926421078353,181.91857754734076,51245300
369,2023-06-23,184.8294219970703,185.70070333532985,183.17597862652977,183.71063403229002,53079300
370,2023-06-26,183.4334259033203,186.18586660248252,183.39381396241686,184.9779592329188,48088700
371,2023-06-27,186.1957550048828,186.52248552112178,183.8294477274505,184.04726807160984,50730800
372,2023-06-28,187.37396240234375,188.01751290126907,185.7403249158235,186.06704032710473,51216800
373,2023-06-29,187.71060180664062,188.18585447217086,187.06705126158826,187.2056628454855,46347300
374,2023-06-30,192.04718017578125,192.5521191164762,189.3640377084909,189.7303801784341,85069600
375,2023-07-03,190.55215454101562,191.95807629669292,189.8590815409033,191.85906155166862,31458200
376,2023-07-05,189.43333435058594,191.06697174397888,188.73036598215447,189.67096065277283,46920300
377,2023-07-06,189.9085693359375,190.11649423604223,187.32444187549908,187.95809689875657,45094300
378,2023-07-07,188.78976440429688,190.76004279032819,188.35413885501103,189.5125387247038,46778000
379,2023-07-10,186.74029541015625,188.10662020019882,185.18585168727856,187.38384586798722,59922200
380,2023-07-11,186.21556091308594,187.4234682366511,184.75023641356677,187.28485666382537,46638100
381,2023-07-12,187.88882446289062,189.79968522544766,186.60170827121757,187.79970514631046,60750200
382,2023-07-13,188.6511688232422,189.29473443261006,187.89870814797314,188.61157199087162,41342300
383,2023-07-14,188.7996826171875,189.28481555311026,187.75019286903466,188.3442359735881,41573900
384,2023-07-17,192.06695556640625,192.3936860433753,189.90855835393603,189.99766254560217,50520200
385,2023-07-18,191.80955505371094,192.4036133115075,190.51254346863507,191.43333225746687,48353800
386,2023-07-19,193.1659698486328,196.26493172677777,190.74024473686075,191.18579595006162,80507300
387,2023-07-20,191.2154998779297,194.52238670645607,190.5917402572243,193.1560618639693,59581200
388,2023-07-21,190.0373077392578,193.03727024392953,189.33433929774543,192.17589935868594,71917800
389,2023-07-24,190.83926391601562,192.9778554020486,190.34422042985216,191.4927249435582,45377800
390,2023-07-25,191.70065307617188,192.51253172271785,191.0075951507849,191.41353447405788,37283200
391,2023-07-26,192.57192993164062,193.70062855675883,191.40363447210132,191.75015587275632,47471900
392,2023-07-27,191.30458068847656,195.2451220868233,190.64122431769522,194.07682686567816,47460200
393,2023-07-28,193.88873291015625,194.68080550669023,192.21548351570434,192.74022840055838,48291400
394,2023-07-31,194.50257873535156,194.54219067365466,193.32437284504627,194.11644542830032,38824100
395,2023-08-01,193.67092895507812,194.77982161953312,193.3441984148306,194.29468863259882,35175100
396,2023-08-02,190.67092895507812,193.24514572174746,189.9481697787374,193.10653416590776,50389300
397,2023-08-03,189.27491760253906,190.46301890335675,188.79968010371752,189.67096144116343,61235200
398,2023-08-04,180.18594360351562,185.52251207833032,180.11663025996506,183.68094960257173,115799700
399,2023-08-07,177.07708740234375,181.3146590660809,175.59195672278545,180.32457194637539,97576100
400,2023-08-08,178.01763916015625,178.48298124186843,175.81964489133262,177.9087289898081,67823000
401,2023-08-09,176.42359924316406,179.13642786663587,175.25528876502239,179.07702506576103,60378500
402,2023-08-10,176.20578002929688,178.95822060931928,175.8394526832055,177.70080592181807,54686900
403,2023-08-11,176.2652587890625,177.0881424893324,175.03590276334816,175.7993034466227,51988100
404,2023-08-14,177.9209442138672,178.14896748076782,175.78937369863468,176.44371711975322,43675600
405,2023-08-15,175.9281768798828,177.94076628789648,175.53161335110406,177.34592099472832,43622600
406,2023-08-16,175.05572509765625,177.0088162608788,174.9863181633248,175.61092006059548,46964900
407,2023-08-17,172.5077667236328,175.9876593304517,171.9922220355352,175.62083731111454,66062900
408,2023-08-18,172.9935760498047,173.59834528388794,170.48527458580276,170.82235510894964,61114200
409,2023-08-21,174.3319854736328,174.61950689363672,172.25000423465377,173.56859991663836,46311900
410,2023-08-22,175.7100372314453,176.15617491939756,174.73844613556068,175.5414969994601,42084200
411,2023-08-23,179.56671142578125,179.99303161559698,176.80064510070915,176.9890180826326,52722800
412,2023-08-24,174.8673553466797,179.54687744583052,174.50051821034532,179.1205572949361,54945800
413,2023-08-25,177.07823181152344,177.6135940867137,174.3121656551708,175.8587845923081,51449600
414,2023-08-28,178.6446990966797,179.04126265908485,177.0187642861302,178.5455506421133,43820700
415,2023-08-29,182.5409698486328,183.31427930675537,177.9605961154563,178.1588778766287,53003900
416,2023-08-30,186.04071044921875,186.23900735465395,183.1556780614674,183.35395983897268,60813900
417,2023-08-31,186.25881958007812,187.49809956371718,185.8721648302999,186.22907807070516,60794500
418,2023-09-01,187.83518981933594,188.2912363685708,186.66530168187228,187.86493132785435,45732600
419,2023-09-05,188.07313537597656,188.35073289401015,186.00106278496517,186.66531506939765,45280000
420,2023-09-06,181.3413543701172,187.2304149251444,179.91370149278592,186.78426205503195,81755800
421,2023-09-07,176.03724670410156,176.6816813943478,172.05171790486162,173.67765269377628,112488800
422,2023-09-08,176.6519012451172,178.6942471635063,176.265246533602,176.82045661878996,65551300
423,2023-09-11,177.8218231201172,178.753764173303,175.81914224803262,178.52574087133124,58953100
424,2023-09-12,174.78805541992188,178.58521118121962,173.32075212571604,177.95070042200115,90370200
425,2023-09-13,172.7159881591797,175.77948480311008,172.48794973853728,174.99625134216151,84267900
426,2023-09-14,174.23284912109375,174.58976234555206,172.09136977434392,172.50776601489048,60895800
427,2023-09-15,173.50912475585938,174.9863520978111,172.32934279478667,174.9665193801663,109205100
428,2023-09-18,176.4437255859375,177.84163701778533,174.65915940995401,174.9664984209427,67257600
429,2023-09-19,177.5343017578125,178.08949677364237,175.61093679016653,175.99759154247158,51826900
430,2023-09-20,173.9849853515625,178.158871491594,173.8957457034938,177.72264255589144,58436200
431,2023-09-21,172.4383544921875,174.78803946069445,172.36896268457267,173.05304760725463,63047900
432,2023-09-22,173.2909698486328,175.56133895987557,172.5573258740407,173.17200382635897,56725400
433,2023-09-25,174.5699462890625,175.45231307707115,172.65649003070402,172.70606425815106,46172700
434,2023-09-26,170.48529052734375,173.6974948472255,170.18786027937264,173.3207639858642,64588900
435,2023-09-27,168.96836853027344,171.55598552227247,167.60021383109716,171.1395892983555,66921800
436,2023-09-28,169.2261505126953,170.5546549284134,166.18247183150447,167.88772217595067,56294400
437,2023-09-29,169.74168395996094,171.5857329254824,168.8791349237489,170.54473485773315,51814200
438,2023-10-02,172.2599334716797,172.80521973991003,169.46411031162458,169.75163176575097,52164500
439,2023-10-03,170.9214630126953,172.14092522120978,169.35502666679727,170.78266428098559,49594600
440,2023-10-04,172.17066955566406,172.7159556991738,169.50373697662062,169.6227029977764,53020300
441,2023-10-05,173.4099578857422,173.9453201351637,171.19907169783187,172.29955283135268,48527900
442,2023-10-06,175.96786499023438,176.46357702906525,171.6948145080504,172.30950772319366,57224100
443,2023-10-09,177.45497131347656,177.51445432768062,174.2923266162491,175.29365932051672,42390800
444,2023-10-10,176.860107421875,178.17870301308767,176.4238784890915,176.5726011495921,43698000
445,2023-10-11,178.25802612304688,178.30760034526705,176.07689649671707,176.67174177957318,47551100
446,2023-10-12,179.1602325439453,180.77624333047942,177.50454119898205,178.52572180730996,56743100
447,2023-10-13,177.31619262695312,180.36976530628638,176.61227491408687,179.86414450043375,51427100
448,2023-10-16,177.18728637695312,177.5441995976702,174.99623283045386,175.23418002024147,52517000
449,2023-10-17,175.6307373046875,176.88984988971393,173.30090022346374,175.135025356181,57549400
450,2023-10-18,174.3319854736328,176.05706860986896,173.60825021874456,174.07422069011992,54764400
451,2023-10-19,173.95526123046875,176.31484005715805,173.68757251536525,174.53027383635083,59302900
452,2023-10-20,171.39736938476562,173.9155794449356,171.15942220172326,173.80652221036553,64189300
453,2023-10-23,171.51634216308594,172.51767489960218,168.4726633962427,169.4442697526279,55980100
454,2023-10-24,171.9525909423828,172.18061423977284,169.97965162202772,171.56593616509952,43816600
455,2023-10-25,169.6326446533203,171.57582713235345,169.1864917714858,170.40595412753765,57157000
456,2023-10-26,165.45877075195312,169.91027049600862,164.24923211553593,168.90892245311238,70625300
457,2023-10-27,166.77735900878906,167.5110182699133,165.39928015046561,165.47859589177074,58499100
458,2023-10-30,168.82957458496094,169.70203248533966,167.42175441803172,167.57047708446643,51131000
459,2023-10-31,169.30548095703125,169.43435579022267,166.4600837859852,167.89766069037708,44846000
460,2023-11-01,172.47804260253906,172.73580740860803,168.66105397183955,169.5335119738121,56934900
461,2023-11-02,176.0471649169922,176.25535548295753,173.95525969593038,174.01474271477764,77334800
462,2023-11-03,175.1350555419922,175.3036109461129,171.86336822029236,172.74573503559924,79763700
463,2023-11-06,177.6929168701172,177.8911986418375,174.69882732290304,174.86736758526175,63841300
464,2023-11-07,180.26071166992188,180.87538968418906,177.4351473327296,177.64333789269085,70530000
465,2023-11-08,181.321533203125,181.87672821790486,180.03267898856913,180.78617090399572,49340300
466,2023-11-09,180.84564208984375,182.54096853276508,180.2507816826859,181.3909282750837,53763500
467,2023-11-10,185.0448760986328,185.21365353801235,182.1957456895483,182.63254933718324,66133400
468,2023-11-13,183.45652770996094,184.67758150620577,182.87082057942214,184.46911666550656,43627500
469,2023-11-14,186.0773468017578,186.74247420260892,184.9456350058848,186.33545119454976,60108400
470,2023-11-15,186.6431884765625,188.12236184083608,186.414864785386,186.4843631662735,53790500
471,2023-11-16,188.33084106445312,189.57175373642215,187.2785343944212,188.191859451107,54412900
472,2023-11-17,188.31097412109375,188.99596031021713,187.19912126214516,188.86690055056806,50922700
473,2023-11-20,190.05816650390625,190.51482899547432,188.49958819031184,188.50951003765908,46505100
474,2023-11-21,189.2540740966797,190.12768147094766,188.36062302598555,190.01848054916417,38134500
475,2023-11-22,189.919189453125,191.52740733771327,189.4426832554431,190.09788874466753,39617700
476,2023-11-24,188.58892822265625,189.51215989530726,187.8741613770549,189.48237920572873,24048300
477,2023-11-27,188.41024780273438,189.28385517880056,187.52671857843467,188.5393075690696,40552600
478,2023-11-28,189.0157928466797,189.6908571482296,188.0230628104096,188.40030507150686,38415400
479,2023-11-29,187.99330139160156,190.69352857887446,187.5962153955331,189.5121772909601,43014200
480,2023-11-30,188.56910705566406,188.9364275469523,186.82190727725418,188.4599061227721,48794400
481,2023-12-01,189.84971618652344,190.16738195236098,187.85431892352926,188.94632812953898,45679300
482,2023-12-04,188.0528564453125,188.66835941071503,186.08725507958516,188.59886103241988,43389500
483,2023-12-05,192.01385498046875,192.9867262414063,188.79740398889692,188.82719982806023,66628400
484,2023-12-06,190.921875,193.34412390879868,190.71339499767492,193.03637997744386,41089700
485,2023-12-07,192.85768127441406,193.5823700079149,192.18261692775607,192.22233461466143,47477700
486,2023-12-08,194.28721618652344,194.56517940505597,192.26203828251843,192.7881840281593,53377300
487,2023-12-11,191.7755889892578,192.08334803730577,190.0283895071003,191.70610576075973,60943700
488,2023-12-12,193.29449462890625,193.30441647720014,190.32622602015354,191.6763396332624,52696900
489,2023-12-13,196.5208740234375,196.5605765657659,193.433482543182,193.67172809287342,70404200
490,2023-12-14,196.6697540283203,198.16877097511053,194.733933428728,196.58041195784497,66831600
491,2023-12-15,196.13369750976562,196.95765018105735,195.56783406915136,196.09397982207716,128256700
492,2023-12-18,194.46592712402344,195.2005529586929,192.97683175624098,194.6644701434888,55751900
493,2023-12-19,195.50828552246094,195.51820737110475,194.46591579616017,194.73395718814848,40714100
494,2023-12-20,193.41360473632812,196.24287639656293,193.41360473632812,195.46854814025792,52242800
495,2023-12-21,193.26467895507812,195.64724016492798,192.09326476649224,194.67436895686498,46482500
496,2023-12-22,192.1925506591797,193.98938969071887,191.56712585784612,193.7610508645393,37122800
497,2023-12-26,191.6465606689453,192.48045036895266,191.42815882163003,192.20248713561688,28919300
498,2023-12-27,191.7458038330078,192.09326541098244,189.7007823458299,191.09061350986994,48087700
499,2023-12-28,192.17271423339844,193.24486466881353,191.7656912152772,192.72864072260757,34049900
500,2023-12-29,191.1303253173828,192.98672576072192,190.33613820624774,192.4903607097449,42628800
501,2024-01-02,184.29042053222656,187.07006792285642,182.55314280656535,185.78943757371047,82488700
502,2024-01-03,182.91050720214844,184.5286619910614,182.09646131024977,182.88072651321147,58414500
503,2024-01-04,180.58755493164062,181.7589693006513,179.56504403399205,180.82580048582,71983600
504,2024-01-05,179.8628387451172,181.43135417752765,178.86018676112266,180.66696287937032,62303300
505,2024-01-08,184.21099853515625,184.2507162227342,180.18051667398524,180.76622380895435,59144500
506,2024-01-09,183.79405212402344,183.80397397190293,181.40156892129536,182.58292017691045,42841800
507,2024-01-10,184.83641052246094,185.04487535026095,182.5829090664718,183.00979086506445,46792900
508,2024-01-11,184.24078369140625,185.69017636593313,182.28510409693843,185.1838742981323,49128400
509,2024-01-12,184.56837463378906,185.382420570264,183.84368591687618,184.7073562390581,40444700
510,2024-01-16,182.2950439453125,182.9204536449405,179.61466039771227,180.83572939974707,65603000
511,2024-01-17,181.35194396972656,181.60012651740652,178.98925641635856,179.95220591318565,47317400
512,2024-01-18,187.25869750976562,187.76498444511594,184.47904999387188,184.7371543858006,78005800
513,2024-01-19,190.16737365722656,190.55453778649462,187.4473029046773,187.9535897974558,68741000
514,2024-01-22,192.48043823242188,193.90997199821769,190.86228332421425,190.90200101096366,60133900
515,2024-01-23,193.76104736328125,194.3269107729025,192.42087086045922,193.602222064805,42355600
516,2024-01-24,193.0860137939453,194.95235131957728,192.9271733347724,193.9993237123997,53631300
517,2024-01-25,192.75840759277344,194.84314692565724,191.70611607825748,193.80077725921535,54822100
518,2024-01-26,191.0211181640625,193.3441028913112,190.54461197208147,192.85767485186383,44594000
519,2024-01-29,190.3361358642578,190.80272021826386,188.20177223046258,190.614099077556,47145600
520,2024-01-30,186.6729736328125,190.40564874926815,186.10712531543376,189.55190020112778,55859400
521,2024-01-31,183.05943298339844,185.7398164976455,183.00980859435379,185.6802399646441,55467800
522,2024-02-01,185.50155639648438,185.59089847447947,182.48366340616798,182.6524257138898,64885400
523,2024-02-02,184.4989013671875,185.96813772334343,177.9468764270477,178.55244241438749,102518000
524,2024-02-05,186.31558227539062,187.87417583998953,184.48896248395178,186.78216664518396,69668800
525,2024-02-06,187.92381286621094,187.9337347140823,185.4122068995574,185.50154897397763,43490800
526,2024-02-07,188.0330047607422,189.66108145721643,187.23881768122482,189.2540584961332,53439000
527,2024-02-08,186.95095825195312,188.1620751580878,185.98800874758206,188.0131716874575,40962000
528,2024-02-09,187.71630859375,188.8494643803939,186.8714052160575,187.5174970927484,45155200
529,2024-02-12,186.02651977539062,187.53739935899367,185.66868027314752,187.288900125969,41781900
530,2024-02-13,183.92919921875,185.09218906227858,182.40838501375495,184.65482795312093,56529500
531,2024-02-14,183.0445098876953,184.41623036442274,181.34478380471282,184.20749952407863,54630500
532,2024-02-15,182.75625610351562,183.3824789542038,180.26132954316023,182.4481195157763,65434500
533,2024-02-16,181.21556091308594,183.7403213725013,180.57940354414131,182.31889800876044,49701400
534,2024-02-20,180.47006225585938,181.33483464555084,178.91942962585208,180.69867728023533,53665600
535,2024-02-21,181.22552490234375,181.79209525720324,179.57548638259638,180.8478012209779,41529700
536,2024-02-22,183.26319885253906,183.84966853541172,181.36467634977905,182.37854224114136,52292200
537,2024-02-23,181.42431640625,183.92917764586625,181.13604881484736,183.89935895257477,45119700
538,2024-02-26,180.07247924804688,181.66286516303873,179.56553112991756,181.1459977034405,40867400
539,2024-02-27,181.5336456298828,182.81589486499632,178.48206808634893,180.01283169575817,54318900
540,2024-02-28,180.33090209960938,182.02069366799873,179.04865286943277,181.4143549983027,48953900
541,2024-02-29,179.66493225097656,181.47401381447335,178.45225486971108,180.18181486443112,136682600
542,2024-03-01,178.58148193359375,179.44625436004063,176.31517027538303,178.47214167082092,73488000
543,2024-03-04,174.0488739013672,175.8380562970389,172.74672514229152,175.0925585764457,81510100
544,2024-03-05,169.09873962402344,171.00721175997333,168.60174119797853,169.73489700267342,95132400
545,2024-03-06,168.10475158691406,170.2120353375331,167.6673905223103,170.03310800783655,68587700
546,2024-03-07,167.9854736328125,169.70508399774383,167.47854068144582,168.13456709874717,71765100
547,2024-03-08,169.70509338378906,172.65726551008456,167.9258455340773,167.98548292374957,76114600
548,2024-03-11,171.71295166015625,173.33317133974063,171.01715691552084,171.90181348381185,60139500
549,2024-03-12,172.1900634765625,172.98526395951052,169.98338934079592,172.11054191154895,59825400
550,2024-03-13,170.10269165039062,172.1503228051375,169.73490248954016,171.73284593382695,52488700
551,2024-03-14,171.96145629882812,173.26358975503445,171.0171623179081,171.87200022180366,72913500
552,2024-03-15,171.58372497558594,171.58372497558594,169.2677105816515,170.14243263043366,121664700
553,2024-03-18,172.67713928222656,176.64319229534289,172.4783429395777,174.51603957790343,75604200
554,2024-03-19,175.02297973632812,175.54979689128342,171.9912860926869,173.29341963294198,55215200
555,2024-03-20,177.59742736816406,177.59742736816406,174.0389165846836,174.66513949599232,53423100
556,2024-03-21,170.3412322998047,176.42450322724187,169.81441519205438,175.98714219427453,106181300
557,2024-03-22,171.2457733154297,172.01115512427612,169.03909913099622,170.7288907150358,71106600
558,2024-03-25,169.82437133789062,170.90782428626645,168.43276661931924,169.54605342761408,54288300
559,2024-03-26,168.69122314453125,170.39094937582044,168.5619986920605,168.97947557636294,57388400
560,2024-03-27,172.2695770263672,172.55784458202757,169.0887904097557,169.38699247288517,60273300
561,2024-03-28,170.45057678222656,171.1960744249358,169.4863986176142,170.71896018041463,65672700
562,2024-04-01,169.00930786132812,170.22198540870994,168.46260648059197,170.16234801575516,46240500
563,2024-04-02,167.82643127441406,168.3234297194346,167.22009256480143,168.0649959882119,49329500
564,2024-04-03,168.63156127929688,169.6553768320082,167.56799252573734,167.7767233727702,47691700
565,2024-04-04,167.8065643310547,170.88794562795422,167.8065643310547,169.2677258236611,53704400
566,2024-04-05,168.56199645996094,169.36713152382467,167.9357735582051,168.5719309687928,42055200
567,2024-04-08,167.43878173828125,168.1842794442996,167.23005087422234,168.01530178433154,37425500
568,2024-04-09,168.6514434814453,169.05898582949538,167.33937552823474,167.68726532493085,42451200
569,2024-04-10,166.7727813720703,168.07491474927153,166.10680533820357,167.7866623517303,49709300
570,2024-04-11,173.98919677734375,174.40668878905643,167.15050896636146,167.32942111379162,91070300
571,2024-04-12,175.4901580810547,177.28929006742356,173.16420894399843,173.21389665591335,101593300
572,2024-04-15,171.65330505371094,175.56965476374435,171.46444324020368,174.3072746159751,73531800
573,2024-04-16,168.36317443847656,172.7168698915991,167.25983743883052,170.71894188345593,73711200
574,2024-04-17,166.99147033691406,169.62555591523414,166.99147033691406,168.59180586766368,50901200
575,2024-04-18,166.03721618652344,167.62761710838,165.55016746918514,167.02127846323074,43122900
576,2024-04-19,164.0094757080078,165.40106519259456,163.0950004513954,165.21221853676252,67772100
577,2024-04-22,164.8444366455078,166.2559103754066,163.78086788564391,164.52636553527142,48116400
578,2024-04-23,165.8980712890625,166.0471799196536,163.92996173620628,164.3573882766078,49537800
579,2024-04-24,168.00534057617188,168.2836584621474,165.21221204158294,165.5402176329784,48251800
580,2024-04-25,168.87014770507812,169.5858267499,167.1405874855602,168.5123081826672,50558300
581,2024-04-26,168.28366088867188,170.31140768247312,168.16437095925713,168.86018085141623,44838400
582,2024-04-29,172.4584503173828,174.97326108846298,172.06085765153782,172.3292258757486,68169400
583,2024-04-30,169.30747985839844,173.9395086711804,168.9794590883409,172.28947031289857,65934800
584,2024-05-01,168.28366088867188,171.67319360904702,168.0947990703537,168.56197877866052,50383100
585,2024-05-02,171.99127197265625,172.37893013348045,169.8641193422282,171.4743893691613,94214900
586,2024-05-03,182.27915954589844,185.8774235329829,181.56348055207545,185.52951854505613,163224100
587,2024-05-06,180.61917114257812,183.09421354898845,179.33690673477625,181.2553285088154,78569700
588,2024-05-07,181.30502319335938,183.79001537072006,180.23151991986552,182.34872294128857,77305800
589,2024-05-08,181.64300537109375,181.97102617972277,180.36074083125402,181.75234564063675,45057100
590,2024-05-09,183.46200561523438,183.55146169147778,181.01676669426374,181.46406224266897,48983000
591,2024-05-10,182.1979217529297,184.22841905381327,181.28220609270682,184.039301056681,50759500
592,2024-05-13,185.4128875732422,186.22907786103977,183.76061103045285,184.57680131825043,72044800
593,2024-05-14,186.55752563476562,187.42348620330452,185.42283282321628,186.63715506565202,52393600
594,2024-05-15,188.8368682861328,189.76253191302303,186.49780129168897,187.03529613574696,70400000
595,2024-05-16,188.95631408691406,190.21045865928463,188.7771592552961,189.58338637309936,52845200
596,2024-05-17,188.98617553710938,189.9218023921439,188.29938496531759,188.62785068172937,41282900
597,2024-05-20,190.15072631835938,191.02663488992152,188.1301769262196,188.44869465688268,44361300
598,2024-05-21,191.4546356201172,191.83285642957057,190.03128423275254,190.20049107683238,42309400
599,2024-05-22,190.01138305664062,191.92245910983817,189.38432593982932,191.37501623979523,34648500
600,2024-05-23,186.0100860595703,190.11090276702717,185.76124979940406,190.09099161364105,51005900
601,2024-05-24,189.0956573486328,189.6928704821682,187.16468542966413,187.94106857836448,36294600
602,2024-05-28,189.10562133789062,192.10160462638697,188.21976480489596,190.61853495727325,52280100
603,2024-05-29,189.40420532226562,191.35508832801628,188.62783738828333,188.7273779696699,53068000
604,2024-05-30,190.39956665039062,191.2854232244703,189.7426503955058,189.8720349370489,49947900
605,2024-05-31,191.3551025390625,191.67362027294615,189.02599856414395,190.5488754083416,75158300
606,2024-06-03,193.12680053710938,194.0823384761381,191.62383496596826,192.0020557606219,50080500
607,2024-06-04,193.44532775878906,194.41081372828987,192.13146492648488,193.73397115741048,47471400
608,2024-06-05,194.95823669433594,195.9834409155792,193.96289161058436,194.49042328995185,54156800
609,2024-06-06,193.57469177246094,195.58529292944826,193.26613725182494,194.77906590771954,41181800
610,2024-06-07,195.97349548339844,196.02326577578603,193.23629646745044,193.7439169991778,53103900
611,2024-06-10,192.2210235595703,196.3815736009198,191.25553768440525,195.98342648408087,97262100
612,2024-06-11,206.1857147216797,206.19567789204126,192.7286609927464,192.74855695795014,172373300
613,2024-06-12,212.0782012939453,219.1750019825869,205.9369082694312,206.40472171133436,198134300
614,2024-06-13,213.24273681640625,215.74104751612717,210.61502639534655,213.74040935969603,97862700
615,2024-06-14,211.50086975097656,214.16838712685717,210.31640674162668,212.8545395919822,70122700
616,2024-06-17,215.66140747070312,217.93079294137289,211.72979760979996,212.37676580912532,93728300
617,2024-06-18,213.29248046875,217.61228945527094,212.008492058615,216.5771221156608,79943300
618,2024-06-20,208.70394897460938,213.24273529474334,207.87782592387282,212.93416556238657,86172500
619,2024-06-21,206.524169921875,210.9036824915187,206.14593390610847,209.41066477171813,246421400
620,2024-06-24,207.17111206054688,211.70988292620214,205.62832424046638,206.75306897426384,80727000
621,2024-06-25,208.0968017578125,210.3960464470149,207.6389363414956,208.1764159984445,56713900
622,2024-06-26,212.25733947753906,213.8598456726642,209.65948819693895,210.51548557795786,66213200
623,2024-06-27,213.1033935546875,214.73575892320002,211.36153961685812,213.69064352295018,49772700
624,2024-06-28,209.6395721435547,215.0642148828325,209.3210696212814,214.76560832661605,82542700
625,2024-07-01,215.7410430908203,216.4974998735104,210.933524598722,211.10273143743845,60402900
626,2024-07-02,219.24464416503906,219.35413272093265,214.09871241355896,215.14381249791867,58046200
627,2024-07-03,220.51870727539062,220.51870727539062,218.01043340115498,218.97591935149836,37369800
628,2024-07-05,225.28639221191406,225.3958807735831,220.618221554563,220.618221554563,60412400
629,2024-07-08,226.759521484375,226.78938062149984,222.21078721739227,226.03290864697604,59085900
630,2024-07-09,227.61550903320312,228.33215871662,225.3162642938077,226.8690002119573,48076100
631,2024-07-10,231.89549255371094,231.9950331368443,228.1828596567971,228.23262994836378,62627700
632,2024-07-11,226.5106964111328,231.30825199534104,224.7190721562944,230.31290687462652,64710600
633,2024-07-12,229.46685791015625,231.55708874298097,227.6155153743793,227.8544036714271,53046500
634,2024-07-15,233.3088836669922,236.12571210202407,232.00498402552307,235.37920328245679,62631300
635,2024-07-16,233.72694396972656,235.17019132901206,231.2485291999769,233.90609879782943,43234300
636,2024-07-17,227.81459045410156,230.38258262455565,225.58501197125685,228.38192926123955,57345900
637,2024-07-18,223.13645935058594,229.3673294560276,221.23536173419896,229.20807059344992,66034600
638,2024-07-19,223.26583862304688,225.74425318618754,222.24063446922685,223.773474302542,49151500
639,2024-07-22,222.91749572753906,226.7197061195605,222.0515351611177,225.95328613844396,48201800
640,2024-07-23,223.96258544921875,225.88360930378687,221.64342964759248,223.32556522126958,39960300
641,2024-07-24,217.522705078125,223.75357494115906,216.1192800710717,222.9572958470105,61777600
642,2024-07-25,216.4776153564453,219.8219755631398,213.62096453779796,217.91089956980477,51391200
643,2024-07-26,216.94541931152344,218.46829606182757,215.0044842643322,217.6819649471348,41601300
644,2024-07-29,217.22412109375,218.27918447457574,214.74570631572197,215.95008057489312,36311800
645,2024-07-30,217.78152465820312,219.30440154226625,215.11399172426283,218.16970866418467,41643800
646,2024-07-31,221.0462188720703,222.77812463535082,219.60297166321624,220.40919868116703,50036300
647,2024-08-01,217.3435516357422,223.43505864730554,216.0097928775357,223.3255700813178,62501000
648,2024-08-02,218.83657836914062,224.54986481713928,216.69659243938975,218.12987665236415,105568600
649,2024-08-05,208.29588317871094,212.5061888982195,195.08764882459494,198.1632616839607,119548600
650,2024-08-06,206.2653350830078,209.01249693638886,200.13402157476042,204.34432656983304,69660500
651,2024-08-07,208.8433074951172,212.64551772150753,205.42926604632788,205.93688655864335,63516400
652,2024-08-08,212.3170623779297,213.2029189157903,207.85792055043288,212.1179963940502,47161100
653,2024-08-09,215.23342895507812,215.77090862412464,210.98330114399806,211.11270086651854,42201600
654,2024-08-12,216.76803588867188,218.7410960979999,214.8448035806853,215.31315848368175,38028100
655,2024-08-13,220.49493408203125,221.11275746457662,218.2428407360094,218.2428407360094,44155300
656,2024-08-14,220.943359375,222.24876826808693,218.93043078284688,219.7973936824548,41960600
657,2024-08-15,223.93284606933594,224.56064415441705,221.97970491871703,223.81327127421198,46414000
658,2024-08-16,225.25819396972656,226.03546056539557,222.86659157853387,223.1356500786779,44340200
659,2024-08-19,225.09873962402344,225.19839542072495,222.2587166767679,224.92933693390268,40687800
660,2024-08-20,225.71656799316406,226.3742597731608,224.66028342820331,224.9791698204466,30299000
661,2024-08-21,225.60696411132812,227.18143154067607,224.26170199000447,225.7265541171402,34765500
662,2024-08-22,223.74351501464844,227.5401669123529,223.11571691317775,226.9920904114928,43695300
663,2024-08-23,226.04542541503906,227.42059644239848,223.5442228703079,224.86956599566977,38677300
664,2024-08-26,226.3842315673828,226.48388737170686,223.1057623977585,225.9657045588355,30602200
665,2024-08-27,227.23126220703125,228.0483972344343,224.10226151212836,225.208374045966,35934600
666,2024-08-28,225.6966552734375,229.05484595642545,224.88947977262964,227.12163896438045,38052200
667,2024-08-29,228.98507690429688,232.10411789712717,228.07827604001008,229.294003797999,51906300
668,2024-08-30,228.19784545898438,229.5929353752877,226.68316554604098,229.38367949051207,52990800
669,2024-09-03,221.9896697998047,228.19784265919515,220.39526831044307,227.7494219919808,50190600
670,2024-09-04,220.07640075683594,221.00313580397116,216.71819503548093,220.88356101217042,43840200
671,2024-09-05,221.60104370117188,224.6901757794695,220.744055533832,220.85367082984084,36615400
672,2024-09-06,220.0465087890625,224.4510243839852,219.00018373655976,223.16553454066073,48423000
673,2024-09-09,220.13619995117188,220.49493955114087,215.95091475509392,220.04651885251477,67180000
674,2024-09-10,219.3389892578125,220.70418549359823,215.97082401031443,218.15315521125123,51591000
675,2024-09-11,221.88006591796875,222.3085524071335,217.126770108234,220.6842723421212,44587100
676,2024-09-12,221.9896697998047,222.7669363444001,219.05000630879996,221.72061131734026,37498200
677,2024-09-13,221.7206268310547,223.25522582753553,221.13269713278441,222.7968456308755,36766600
678,2024-09-16,215.56228637695312,216.45912779468063,213.1706839207783,215.7815017768951,59357400
679,2024-09-17,216.03060913085938,216.1402244248995,213.74863736172932,214.99425879157621,45519300
680,2024-09-18,219.91697692871094,221.92990559819444,216.77800151948543,216.7879762232403,59894900
681,2024-09-19,228.0683135986328,229.01499812075548,223.84317512238368,224.20191472936153,66781300
682,2024-09-20,227.40065002441406,232.27352055331795,226.82267984404155,229.1644542640561,318679900
683,2024-09-23,225.67672729492188,228.64628476177805,225.01903547850176,226.54367501316779,54146000
684,2024-09-24,226.57354736328125,228.54662262661762,224.93929267987525,227.8490624720206,43556100
685,2024-09-25,225.57705688476562,226.49383244586693,223.2352976856936,224.1420985437932,42308700
686,2024-09-26,226.72303771972656,227.69960067739044,224.62042810744603,226.50380712846774,36636700
687,2024-09-27,226.99208068847656,228.71603171782343,226.50380681299467,227.6597471643239,34026000
688,2024-09-30,232.18385314941406,232.18385314941406,228.84558136748996,229.23421467656505,54541900
689,2024-10-01,225.41763305664062,228.84557057238277,222.9562838134916,228.71603627902877,63285000
690,2024-10-02,225.98562622070312,226.57355589970402,222.2388023482828,225.09874435066007,32880600
691,2024-10-03,224.8795166015625,226.01552277761738,222.53775735368686,224.35137431302277,34044200
692,2024-10-04,226.00555419921875,227.20134772512517,223.3449086623416,227.10169192907478,37245100
693,2024-10-07,220.91346740722656,224.8994562199718,220.55472780586587,223.7136221153256,39505400
694,2024-10-08,224.97918701171875,225.18844291794565,222.46800969960725,223.51433484676548,31855700
695,2024-10-09,228.73594665527344,228.94521774486736,224.04245364435144,224.44104641791938,33591100
696,2024-10-10,228.23770141601562,228.6960967971132,226.3742566041183,226.98212047614993,28183500
697,2024-10-11,226.75294494628906,228.60643037956845,226.54367384020586,228.4968150773993,31759200
698,2024-10-14,230.48980712890625,230.91829362955485,227.79926770980506,227.89890830734765,39882100
699,2024-10-15,233.03086853027344,236.65811760908664,231.5560417756155,232.79170373632726,64751400
700,2024-10-16,230.96810913085938,231.3069145139278,229.0349022193022,230.78874694170784,34082200
701,2024-10-17,231.33682250976562,233.0308799404877,229.71254238803704,232.6123377292532,32993800
702,2024-10-18,234.1768341064453,235.35269346424636,233.19029643777657,235.35269346424636,46431500
703,2024-10-21,235.65164184570312,236.0203561309456,233.6287538470191,233.6287538470191,36254500
704,2024-10-22,235.03382873535156,235.3925683333293,231.7852533575211,233.07072804715946,38846600
705,2024-10-23,229.95169067382812,234.31635331873264,226.96219904424217,233.26006870913344,52287000
706,2024-10-24,229.76235961914062,230.0114839114603,227.60992208421712,229.17441473320775,31109500
707,2024-10-25,230.59942626953125,232.4030838122294,228.7658750265385,228.93527772998817,38802300
708,2024-10-28,232.5824432373047,233.9077863541258,231.73542973016842,232.50273684103132,36087100
709,2024-10-29,232.85150146484375,233.50919327337175,231.50623935322642,232.28350596136286,35417200
710,2024-10-30,229.29400634765625,232.65219696606212,228.74592985962587,231.79520878623467,47070900
711,2024-10-31,225.11868286132812,229.02495000446748,224.5805658660821,228.53666090957242,64370100
712,2024-11-01,222.12918090820312,224.56063636026596,219.4984290694042,220.1959740256502,65276700
713,2024-11-04,221.23233032226562,222.0095968952219,218.94039900502227,220.21591416091667,44944500
714,2024-11-05,222.66729736328125,223.1655459656629,220.36539125313263,221.02308305755813,28111300
715,2024-11-06,221.93984985351562,225.27812143912794,220.41521040716108,221.83023455712816,54561100
716,2024-11-07,226.6831817626953,227.081789771112,223.7833864288354,223.8431738287627,42137700
717,2024-11-08,226.41383361816406,228.10973956989392,225.8651541338214,226.6233197345054,38328800
718,2024-11-11,223.69039916992188,225.15686291743452,220.96697301971395,224.4585504714927,42005600
719,2024-11-12,223.69039916992188,225.04712701721013,222.82249764582772,224.00963641496367,40398300
720,2024-11-13,224.5782470703125,226.10456392944064,222.2239257676591,223.4709176605461,48566200
721,2024-11-14,227.67079162597656,228.31922131738446,224.45853931227538,224.47849544461576,44923900
722,2024-11-15,224.4585418701172,226.3739196007606,223.73030286311794,225.8551667084814,47923700
723,2024-11-18,227.4712677001953,229.18712968944305,224.62812021676072,224.70792952115227,44686000
724,2024-11-19,227.73065185546875,229.60613257977118,226.11455519341968,226.43377721041003,36211800
725,2024-11-20,228.44891357421875,229.37666823104936,225.34639715216647,227.51117324017346,35169600
726,2024-11-21,227.97007751464844,229.60613029336434,225.16684213362325,228.3292117939797,42108300
727,2024-11-22,229.3168182373047,230.16477882059493,227.51117639639193,227.51117639639193,38168300
728,2024-11-25,232.30960083007812,232.68869124314412,229.1871434272115,230.9030055193102,90152800
729,2024-11-26,234.49432373046875,235.00310615337486,232.76849125195545,232.76849125195545,45986200
730,2024-11-27,234.36463928222656,235.12282010257627,233.24733940643014,233.9057547855541,33498400
731,2024-11-29,236.7588653564453,237.2377059705746,233.40695061340287,234.24492549364632,28481400
732,2024-12-02,239.013427734375,240.21053691361496,236.58928278806928,236.69901868412032,48137100
733,2024-12-03,242.06607055664062,242.1758064568113,238.32509471728144,239.232908507596,38861000
734,2024-12-04,242.42520141601562,243.5225604021956,240.66944226019712,242.28553892887177,44383900
735,2024-12-05,242.4551239013672,243.95151419061432,241.54732536132988,243.40284992887905,40033900
736,2024-12-06,242.25559997558594,244.04130085085734,241.49743440151175,242.32543882662802,36870600
737,2024-12-09,246.1562042236328,246.64503053466012,241.16823655952678,241.24804586880077,44649200
738,2024-12-10,247.1737518310547,247.612695417372,244.7495916510093,246.2958646584201,36914800
739,2024-12-11,245.89683532714844,250.19646101706442,245.66737785476369,247.3632990378159,45205800
740,2024-12-12,247.36329650878906,248.1414182384854,245.08876927344312,246.2958641332418,32777500
741,2024-12-13,247.5328826904297,248.69007959411312,245.647431564018,247.223631137632,33155300
742,2024-12-16,250.43588256835938,250.77507595019196,247.05404098232512,247.3932343641577,51694800
743,2024-12-17,252.8699951171875,253.21915892963332,249.1789022262073,249.47818331943677,51356400
744,2024-12-18,247.4530792236328,253.66808268004456,247.14382766353577,251.55318925842403,56774100
745,2024-12-19,249.1888885498047,251.3935770141874,246.49538898335234,246.90440599607692,60882300
746,2024-12-20,253.87759399414062,254.3863612366688,245.09876750312787,247.44310326755718,147495300
747,2024-12-23,254.6557159423828,255.03479114956258,252.8400883307868,254.15691915529422,40858800
748,2024-12-24,257.57867431640625,257.58862955018265,254.67565812568793,254.87518901917565,23234700
749,2024-12-26,258.39666748046875,259.47408555117545,257.0100282923795,257.56867823862046,27237100
750,2024-12-27,254.9749298095703,258.0774615569102,252.4510193654514,257.20952960207876,42355300
751,2024-12-30,251.59307861328125,252.88995321263158,250.14657107718884,251.62300520062965,35557500
752,2024-12-31,249.81736755371094,252.67048563095815,248.82974448856297,251.83251072711272,39480700
753,2025-01-02,243.26319885253906,248.5005651105234,241.23808511721737,248.3309608077005,55740700
754,2025-01-03,242.7743682861328,243.5923870862029,241.3079045417172,242.7743682861328,40244100
755,2025-01-06,244.41041564941406,246.73481040856498,242.61474424512696,243.72207367593157,45045600
756,2025-01-07,241.62713623046875,244.9590949760797,240.76920518354387,242.3952722906863,40856000
757,2025-01-08,242.11595153808594,243.12353076570005,239.47233471944105,241.33782978685954,37628900
758,2025-01-10,236.28004455566406,239.58207685657038,232.43930319937854,239.43242868693397,61710900
759,2025-01-13,233.83592224121094,234.10527676213235,229.16719172961072,232.96802072299363,49630700
760,2025-01-14,232.71861267089844,235.55177458449063,231.9105643637605,234.1850763475817,39435300
761,2025-01-15,237.2975616455078,238.38495013235746,233.86583756026477,234.07533889356793,39832000
762,2025-01-16,227.710693359375,237.4372302632713,227.4812511099753,236.77883010316478,71759100
763,2025-01-17,229.4265594482422,231.73099810398455,227.93016912923343,231.5614090278119,68488300
764,2025-01-21,222.10421752929688,223.87993275191027,218.85206818023312,223.46094530610958,98070400
765,2025-01-22,223.29136657714844,223.58066200952604,219.26108010259503,219.26108010259503,64126500
766,2025-01-23,223.1217803955078,226.4836658384098,221.76505253825962,224.19918327232872,60234800
767,2025-01-24,222.24388122558594,225.08702882156655,220.877182986192,224.23906824814947,54697900
768,2025-01-27,229.30685424804688,231.59133678218907,223.44099929694335,223.4809115633434,94863400
769,2025-01-28,237.68663024902344,239.61199368769647,230.25456145518996,230.2944737209622,75707600
770,2025-01-29,238.7839813232422,239.28277807440017,233.446849997024,233.55658589116152,45486100
771,2025-01-30,237.0182342529297,240.21053038482776,236.63915907674937,238.09563705158317,55658300
772,2025-01-31,235.4320831298828,246.59515764263173,232.87824601959832,246.59515764263173,101075100
773,2025-02-03,227.46128845214844,231.27210292869276,225.1568499027089,229.4365345420127,73063300
774,2025-02-04,232.23977661132812,232.5689843025687,226.10456727432145,226.70312948058964,45067300
775,2025-02-05,231.91058349609375,232.11009917003332,227.7206934550818,227.98006230899622,39620300
776,2025-02-06,232.6587677001953,233.23737378273856,229.875473186273,230.7334042435517,29925300
777,2025-02-07,227.08221435546875,233.43688010961284,226.71309440770742,232.04025529180169,39707200
778,2025-02-10,227.3518524169922,230.2880044885276,226.90244480659103,229.26935130196645,33115600
779,2025-02-11,232.3153533935547,234.92193591818142,227.83124330015124,227.90114370319637,53718400
780,2025-02-12,236.55978393554688,236.64967765066982,230.377888084301,230.89721134547665,45243300
781,2025-02-13,241.21368408203125,242.02262084431055,235.2614980047627,236.5997394445533,53614100
782,2025-02-14,244.2796630859375,245.22841586050225,240.67439035154717,240.93404435379279,40896200
783,2025-02-18,244.14984130859375,244.85890295305822,241.52328070167576,243.83025306858283,48822500
784,2025-02-19,244.54930114746094,245.68780753699892,242.84154918255663,244.33958470767533,32204200
785,2025-02-20,245.508056640625,246.4568094488268,243.9700649298591,244.61922281669615,32316900
786,2025-02-21,245.22842407226562,248.36431123309396,244.89885442060717,245.6278941258364,53197400
787,2025-02-24,246.77639770507812,248.53408727873096,244.09989957647335,244.609226181644,51326400
788,2025-02-25,246.71646118164062,249.67259136851834,244.58926106556868,247.67521063757022,48013300
789,2025-02-26,240.0452117919922,244.65915630674968,238.8168269352331,244.01001367840516,44433600
790,2025-02-27,236.98922729492188,242.14247324939222,236.74953612071198,239.09646458024955,41153600
791,2025-02-28,241.5232696533203,241.77294223985544,229.89851463379637,236.63967447024518,56833400
792,2025-03-03,237.71826171875,243.71040379171194,235.80077808405883,241.47333193183624,47184000
793,2025-03-04,235.6210174560547,239.75561031847352,234.3726544629493,237.39870037793833,53798100
794,2025-03-05,235.4312744140625,236.2402111793479,228.92979032203158,235.11168617953675,47227600
795,2025-03-06,235.0218048095703,237.54849020730907,232.8546485518437,234.13297099659667,45170400
796,2025-03-07,238.7569122314453,241.05388787370777,234.45254396930395,234.80209169163373,46273600
797,2025-03-10,227.1820831298828,235.85072354308846,223.92635798057333,235.23152514577004,72071200
798,2025-03-11,220.55078125,225.54423318142804,217.16522145004404,223.51689291637274,76137400
799,2025-03-12,216.69583129882812,221.4595886104368,214.6285501658544,219.85169651198805,62547500
800,2025-03-13,209.4053955078125,216.55602242060417,208.14705109128238,215.6671885752157,61368300
801,2025-03-14,213.21041870117188,213.66980775083542,209.30553558500114,210.97334672214788,60107600
802,2025-03-17,213.71974182128906,214.93814530685134,209.69502079955336,213.0306430192638,48073400
803,2025-03-18,212.4114532470703,214.8682229774316,211.21302787332291,213.87952928252258,42432400
804,2025-03-19,214.95811462402344,218.47349365471302,213.470060528986,213.93944620866878,54385400
805,2025-03-20,213.81961059570312,217.20517028159983,211.94206785632258,213.70975404736055,48862900
806,2025-03-21,217.98414611816406,218.5533916912833,211.0032951126973,211.2829271905112,94127800
807,2025-03-24,220.44091796875,221.1899357355996,218.29373979930335,220.71056863168138,44299500
808,2025-03-25,223.45697021484375,223.80651793975238,219.79177838679217,220.48087718007702,34493600
809,2025-03-26,221.2398681640625,224.7253029108424,220.18125884970436,223.21727075576553,34466100
810,2025-03-27,223.5568389892578,224.69534536875565,220.271139232742,221.1000540446544,37094800
811,2025-03-28,217.6146240234375,223.51688772665744,217.39491092445158,221.3796909591809,39818600
812,2025-03-31,221.83909606933594,225.32451569687797,215.9468137615173,216.72579102857173,65299300
813,2025-04-01,222.897705078125,223.3870536043053,218.61331487709137,219.5221267668628,36412700
814,2025-04-02,223.59678649902344,224.89508702876748,220.73055001137135,221.03016017035932,35905900
815,2025-04-03,202.9239044189453,207.2182761783418,200.9864426085102,205.27081771109022,103419000
816,2025-04-04,188.13330078125,199.61824028069563,187.09465424061224,193.6360793511012,125910900
817,2025-04-07,181.2223663330078,193.89573468350994,174.39131242893686,176.967935484531,160466300
818,2025-04-08,172.19419860839844,190.09072892121037,168.9884109270566,186.4554964395268,120859500
819,2025-04-09,198.58958435058594,200.3472738997123,171.6648855169899,171.72480450043201,184395900
820,2025-04-10,190.17062377929688,194.52491452460524,182.76034285398336,188.82240088513313,121880000
821,2025-04-11,197.89048767089844,199.27866665425725,185.81632494094944,185.856281088865,87435900
822,2025-04-14,202.25477600097656,212.6611277249045,200.8965565016436,211.1630921847052,101352900
823,2025-04-15,201.87527465820312,203.24347561495443,199.53834280484799,201.59564256833872,51343900
824,2025-04-16,194.0155792236328,200.4371508814261,192.11805840887246,198.10021911176236,59732400
825,2025-04-17,196.72203063964844,198.56961397436802,194.16538565496842,196.94174374665747,51334300
826,2025-04-21,192.9070281982422,193.54618940120912,189.56140949031536,193.01688474432112,46742500
827,2025-04-22,199.47842407226562,201.32599215129426,195.71335703344474,195.8631544964882,52976400
828,2025-04-23,204.33206176757812,207.7276030292648,202.5344160012944,205.7302222309065,52929200
829,2025-04-24,208.09710693359375,208.5565112075726,202.67422555441442,204.62166872266098,47311000
830,2025-04-25,209.00592041015625,209.47530610539675,205.92995222724628,206.0997277622984,38222300
831,2025-04-28,209.8647918701172,211.2230113707532,207.1883090170199,209.72497582911666,38743100
832,2025-04-29,210.9333953857422,211.96204522644123,208.09710321217068,208.41669143858087,36827600
833,2025-04-30,212.22171020507812,213.30029766677714,206.399343338795,209.02590396975114,52286500
834,2025-05-01,213.04063415527344,214.2790004444518,208.62640936955898,208.80618155790114,57365700
835,2025-05-02,205.08106994628906,206.71892151455646,201.89524528415058,205.82009105417706,101010600
836,2025-05-05,198.62953186035156,203.83271551835597,197.9504297070337,202.83402512431957,69018500
837,2025-05-06,198.25001525878906,200.38721199140494,196.7619763948813,197.9504203457911,51216500
838,2025-05-07,195.99298095703125,199.1788056079939,192.99690991055434,198.90915494694545,68536700
839,2025-05-08,197.2313690185547,199.78801395815432,194.42503624466005,197.46106353953903,50478900
840,2025-05-09,198.27000427246094,200.2773664943336,197.28129528859796,198.739389980464,36453900
841,2025-05-12,210.7899932861328,211.27000427246094,206.75,210.97000122070312,63775800
842,2025-05-13,212.92999267578125,213.39999389648438,209.0,210.42999267578125,51909300
843,2025-05-14,212.3300018310547,213.94000244140625,210.5800018310547,212.42999267578125,49325800
844,2025-05-15,211.4499969482422,212.9600067138672,209.5399932861328,210.9499969482422,45029500
845,2025-05-16,211.25999450683594,212.57000732421875,209.77000427246094,212.36000061035156,54737900
846,2025-05-19,208.77999877929688,209.47999572753906,204.25999450683594,207.91000366210938,46140500
847,2025-05-20,206.86000061035156,208.47000122070312,205.02999877929688,207.6699981689453,42496600
848,2025-05-21,202.08999633789062,207.0399932861328,200.7100067138672,205.1699981689453,59211800
849,2025-05-22,201.36000061035156,202.75,199.6999969482422,200.7100067138672,46742400
850,2025-05-23,195.27000427246094,197.6999969482422,193.4600067138672,193.6699981689453,78432900
851,2025-05-27,200.2100067138672,200.74000549316406,197.42999267578125,198.3000030517578,56288500
852,2025-05-28,200.4199981689453,202.72999572753906,199.89999389648438,200.58999633789062,45339700
853,2025-05-29,199.9499969482422,203.80999755859375,198.50999450683594,203.5800018310547,51477900
854,2025-05-30,200.85000610351562,201.9600067138672,196.77999877929688,199.3699951171875,70753100
