,Date_,Close_GOOGL,High_GOOGL,Low_GOOGL,Open_GOOGL,Volume_GOOGL
0,2022-01-03,144.30160522460938,145.15701265332763,143.02918515577247,144.36479494039722,28646000
1,2022-01-04,143.71241760253906,145.78798930459803,143.03266881925126,144.70416653668696,28400000
2,2022-01-05,137.1194305419922,143.81193646128006,137.03285410456272,143.7328164404052,54618000
3,2022-01-06,137.09205627441406,139.27412860315894,135.90871848698256,136.34662727318383,37348000
4,2022-01-07,136.3650360107422,137.78972784408742,135.1204826896513,137.48816060615565,29760000
5,2022-01-10,138.00967407226562,138.15896945033379,132.53087842354833,134.43527149606194,44408000
6,2022-01-11,139.07110595703125,139.54883297337483,136.0420998146872,137.35034411747029,28730000
7,2022-01-12,140.75753784179688,141.9294404967946,140.02504742905134,140.4783702161075,26108000
8,2022-01-13,137.92758178710938,142.1702980929826,137.75041975538085,140.86651857043935,31436000
9,2022-01-14,138.81683349609375,140.07233622287117,136.34664851003265,136.42675564025197,29662000
10,2022-01-18,135.35089111328125,136.47899680734477,134.79405929684148,135.52705085012096,34872000
11,2022-01-19,134.4735870361328,137.30306172956688,134.37306968151069,135.87388991456638,28648000
12,2022-01-20,132.67318725585938,136.97115074107518,132.3318170208066,135.60169102059876,29908000
13,2022-01-21,129.73126220703125,134.22377601264574,129.46752373899022,131.96259868346377,55652000
14,2022-01-24,130.18161010742188,130.5787136535352,123.90760490884027,125.37856914011597,76622000
15,2022-01-25,126.33102416992188,128.7833046294374,125.89859753096928,128.12744363968903,46960000
16,2022-01-26,128.6180877685547,132.3671620019992,126.53703372214112,130.49511541961544,49130000
17,2022-01-27,128.39117431640625,132.02131030726912,128.31900956615908,130.6792312241268,31950000
18,2022-01-28,132.71649169921875,132.72197391207828,127.87364760924652,129.04205751284695,34362000
19,2022-01-31,134.65969848632812,134.82840181492318,131.58042613665086,133.5236351765011,39986000
20,2022-02-01,136.9890594482422,137.13735254168026,133.72914748544642,136.93979546512767,68644000
21,2022-02-02,147.29579162597656,150.82541035596324,144.83008666091592,150.5303275907362,123200000
22,2022-02-03,142.40916442871094,148.96283923393528,141.98668471446516,145.0122286925093,71518000
23,2022-02-04,142.61117553710938,144.18564871656986,139.84639407354533,142.76195915753863,57998000
24,2022-02-07,138.53866577148438,143.56363789927013,138.23908788884378,143.56363789927013,54974000
25,2022-02-08,138.7357177734375,139.33385604729077,136.36207147851567,138.36499262195844,54284000
26,2022-02-09,140.91827392578125,141.8463472422032,139.51996039462585,140.2927701568597,40144000
27,2022-02-10,137.96041870117188,140.81129088948327,137.30057895120314,139.03877453098843,39330000
28,2022-02-11,133.64356994628906,138.4943718586001,132.7652616913773,137.94053165428735,39958000
29,2022-02-14,134.88113403320312,135.65145321102975,132.62243215848918,132.62243215848918,34302000
30,2022-02-15,135.95851135253906,137.45137423583503,135.17525340849045,136.91592448402298,26680000
31,2022-02-16,137.08262634277344,137.42896248282813,134.28200525127366,135.99631295565902,25022000
32,2022-02-17,131.90834045410156,136.4610670268482,131.84812723815682,135.59471046784896,38950000
33,2022-02-18,129.7825164794922,133.43207557532537,129.5770018418038,132.83193274174764,45620000
34,2022-02-22,129.19581604003906,131.55154234178266,127.61337018854968,129.22018986412897,44990000
35,2022-02-23,126.98091125488281,131.42267296291416,126.92069803114178,131.02209177354695,32786000
36,2022-02-24,132.05963134765625,132.36716679103367,124.35895204602602,124.35895204602602,54456000
37,2022-02-25,133.81973266601562,134.62786557319473,131.12460980022797,132.91654941840557,36406000
38,2022-02-28,134.4143829345703,135.10556696702054,131.96160142081268,132.4169288111751,38864000
39,2022-03-01,133.42359924316406,135.6071599580106,132.58462329799266,134.23671311624648,26496000
40,2022-03-02,133.93118286132812,134.61888922639284,132.43832018027874,133.9874173025302,23520000
41,2022-03-03,133.2623748779297,135.79028217623375,132.3925254709241,135.362821481941,24604000
42,2022-03-04,131.27886962890625,133.21462241050293,129.7173348474673,132.2950229056108,30430000
43,2022-03-07,125.77716827392578,131.10817972412593,125.6940618778204,130.86236095139722,45112000
44,2022-03-08,126.49971008300781,130.62548511117242,125.07651401769192,125.64927615455635,40428000
45,2022-03-09,132.78515625,133.09916098406526,129.28240208203147,130.62548341324316,37026000
46,2022-03-10,131.79937744140625,132.6378674373792,130.28959734180035,130.64141568020557,27102000
47,2022-03-11,129.25254821777344,133.15887530088736,129.01468700810108,132.85332926637238,31526000
48,2022-03-14,125.35169982910156,129.78848807824545,124.67892145628271,129.63024802938145,38812000
49,2022-03-15,128.58323669433594,129.23662223260322,125.12228273153698,126.37180948996587,30920000
50,2022-03-16,132.64633178710938,132.69857226432342,128.12195717811286,130.1109526032966,35576000
51,2022-03-17,133.20216369628906,133.44251542685555,131.55602693390728,132.51544446609907,28264000
52,2022-03-18,135.477783203125,135.59571910651152,131.62917901519822,132.78963125023313,44566000
53,2022-03-21,135.45391845703125,136.39790698932094,133.45447478433732,135.5156199323404,26832000
54,2022-03-22,139.20248413085938,140.37886680791058,135.45391090476724,135.45391090476724,35496000
55,2022-03-23,137.6175537109375,138.9243097056279,137.17915893523153,138.0425238994977,25154000
56,2022-03-24,140.89837646484375,140.94514991308523,137.09505730306245,138.53765371288432,26396000
57,2022-03-25,140.99888610839844,141.35916312962928,139.07259464161262,141.24072608323831,24126000
58,2022-03-28,140.78244018554688,141.32683456688196,139.1462501767931,140.23007305677257,35050000
59,2022-03-29,141.82742309570312,143.10930412787826,141.36264991460445,141.96876091620584,34318000
60,2022-03-30,141.26312255859375,142.04139926782997,140.9262322677062,141.78214074610113,19884000
61,2022-03-31,138.4058074951172,141.43183732694075,138.36301282244463,141.3770911257397,37524000
62,2022-04-01,139.483642578125,139.80261322253037,137.64940951093706,138.83624029562424,25942000
63,2022-04-04,142.2912139892578,143.02819955507672,139.6428799730055,139.69065571151913,25942000
64,2022-04-05,139.92205810546875,142.31013145949348,139.71455405588372,142.1892190441835,21418000
65,2022-04-06,135.8982696533203,138.6973869731092,134.8721696149984,138.0897877762518,32468000
66,2022-04-07,135.24192810058594,136.5118576914848,133.58882067273166,135.3628405109315,26234000
67,2022-04-08,132.65328979492188,135.0244453490223,132.33281575795365,134.93835487299648,25142000
68,2022-04-11,128.2105255126953,131.46396795737343,128.0562642583226,131.19625072432203,36884000
69,2022-04-12,127.1068115234375,130.97382925450697,126.1857162540227,130.97382925450697,32710000
70,2022-04-13,129.2759246826172,129.7138334675101,127.13316938924753,127.39093966649723,27928000
71,2022-04-14,126.12699127197266,129.8586543117061,125.99859967897054,129.8586543117061,31598000
72,2022-04-18,127.0689926147461,127.60243774339565,125.58160448146151,126.39571309247896,20808000
73,2022-04-19,129.39041137695312,129.71285968020723,126.3952245781442,127.08393333342498,26490000
74,2022-04-20,127.43075561523438,130.77378162705162,126.89333171577131,130.2691902594668,31696000
75,2022-04-21,124.22061157226562,129.47946605426276,123.93397991770688,128.63500784795013,36446000
76,2022-04-22,119.06624603271484,124.8053101263878,118.35913172906152,124.40522250559663,56884000
77,2022-04-25,122.48838806152344,122.69091861575488,117.94710375134851,118.53429277469893,46128000
78,2022-04-26,118.08544158935547,121.92707556109316,117.94710303931359,121.71260107377317,73054000
79,2022-04-27,113.75066375732422,116.68413343389656,112.20007840202844,113.92482651279367,91820000
80,2022-04-28,117.95854949951172,119.08018595435958,113.57201989604017,115.86107915420212,48884000
81,2022-04-29,113.56654357910156,117.35891362880432,113.27294906445184,116.17905335741958,42676000
82,2022-05-02,116.02827453613281,116.18999980943521,112.06422476007553,112.86539470993021,35534000
83,2022-05-03,116.77571105957031,117.87844076984781,115.4823947149801,115.87650661407837,24968000
84,2022-05-04,121.67925262451172,122.2699268388617,114.56824610086612,116.4746360987147,49916000
85,2022-05-05,115.95114135742188,120.46307061064945,114.45827869555946,119.63204464005044,45840000
86,2022-05-06,115.19574737548828,117.01206812575884,113.47298870444129,114.63642503497805,39710000
87,2022-05-09,111.97565460205078,114.52944700923064,111.4675855939926,112.71113673169168,40802000
88,2022-05-10,113.85067749023438,115.6968542910652,112.36328947356759,114.95788698251471,39900000
89,2022-05-11,113.06195831298828,115.81081721712015,112.6977024843236,112.6977024843236,37534000
90,2022-05-12,112.30706787109375,113.7511601444871,109.30193451554294,110.84754643399383,53836000
91,2022-05-13,115.4983139038086,117.31413370158947,113.06445432012579,113.98803256594428,35038000
92,2022-05-16,113.90045166015625,115.61724230928375,113.34759858622417,114.40852067379373,25990000
93,2022-05-17,115.9188003540039,116.34377055599607,114.32343087143941,116.28455202745589,23054000
94,2022-05-18,111.36705017089844,114.85089737650672,111.02468525353758,114.45279916514005,35126000
95,2022-05-19,109.85877227783203,112.4722766682842,109.47659675819857,110.90128865895407,34144000
96,2022-05-20,108.3897933959961,111.64971302278167,105.29310247883514,111.41831352862852,48962000
97,2022-05-23,110.95751953125,111.61388163619868,108.22358859840143,109.06606499448633,37184000
98,2022-05-24,105.46577453613281,105.951952644931,101.39971155887439,105.26871860398441,76780000
99,2022-05-25,105.30155944824219,105.99325219877339,103.36232921245352,104.48595502313039,40258000
100,2022-05-26,107.27960205078125,108.1325189038604,104.7243139415563,105.17416668495665,37948000
101,2022-05-27,111.78207397460938,111.7835698138087,108.61919412203534,108.96206020855854,37914000
102,2022-05-31,113.22069549560547,115.18430708649075,111.54520378568205,112.21002456042172,50012000
103,2022-06-01,113.3500747680664,116.54430641015415,112.71113124806907,114.30849764115457,36606000
104,2022-06-02,117.06282806396484,117.33851047218953,112.40908243525307,113.45756701556255,37992000
105,2022-06-03,113.99598693847656,115.76801720266153,112.97835314878134,115.51024691373239,26136000
106,2022-06-06,116.26465606689453,118.77913155288562,115.61127801779323,116.14920308967707,33542000
107,2022-06-07,116.59207153320312,117.13099882916678,114.50455590836914,114.93101432601036,31590000
108,2022-06-08,116.6363754272461,118.00632883158585,116.04519999754733,116.20593058690812,26108000
109,2022-06-09,114.28909301757812,117.73611398435301,114.22987449001698,115.77399057256335,25798000
110,2022-06-10,110.632568359375,112.73999313613125,109.84085182107376,111.90996185455049,41452000
111,2022-06-13,105.88626861572266,108.27384824703032,105.61407143207575,106.27839110394777,47252000
112,2022-06-14,106.20772552490234,107.41097248913957,105.29658482140374,106.02808814729501,33706000
113,2022-06-15,109.24222564697266,110.89332844630779,107.15719279182463,108.0285229467679,39698000
114,2022-06-16,105.52897644042969,108.13153172918454,104.6377371893725,106.71082612689229,51684000
115,2022-06-17,106.6336898803711,108.18228586085846,104.54616658355276,105.528970887289,51376000
116,2022-06-21,111.01325988769531,111.9542643123408,108.08326752622625,108.41119802749382,47416000
117,2022-06-22,110.95702362060547,112.8071716946308,109.85727808662209,110.03045374439513,30774000
118,2022-06-23,111.70792388916016,112.20604591984649,109.97471708378085,111.69747579437303,28362000
119,2022-06-24,117.41365051269531,117.51715954815482,112.41504945457397,112.45735057227827,41164000
120,2022-06-27,115.28234100341797,118.01526949121953,114.6314459624472,117.71023220229814,36420000
121,2022-06-28,111.47454833984375,116.75132243650623,111.31580714736661,115.25148924100075,35792000
122,2022-06-29,111.17000579833984,112.62206327148687,110.34494794788081,111.02121914854789,24716000
123,2022-06-30,108.44452667236328,110.36037012107478,106.24205918177555,109.47659494140807,43170000
124,2022-07-01,108.22010803222656,108.73016641639377,106.22265397774427,107.41943163222562,35476000
125,2022-07-05,112.72406768798828,112.8375236690026,105.22840262829631,106.59089187479918,39342000
126,2022-07-06,114.02684020996094,115.0395005469071,110.94557098037903,112.76288648601033,37432000
127,2022-07-07,118.21780395507812,118.62237150865167,114.28710302372731,114.53242824450783,40936000
128,2022-07-08,118.78558349609375,119.11550333341472,116.34524732585783,116.69209216472974,38238000
129,2022-07-11,115.12609100341797,117.4365476052986,114.78173665895066,117.4365476052986,31196000
130,2022-07-12,113.47797393798828,116.41741959811824,113.14904875296558,115.66202835855137,29960000
131,2022-07-13,110.82365417480469,113.65262767517154,110.67237700140517,111.16949673952026,43722000
132,2022-07-14,109.84235382080078,110.56440377859388,107.85734476528513,109.68610316058955,37004000
133,2022-07-15,111.24564361572266,112.60216483443524,110.37232404487976,111.46758971888954,46770000
134,2022-07-18,108.5112075805664,113.13908327050366,107.85435196917416,112.10403093176883,43164600
135,2022-07-19,113.26846313476562,113.4774629947795,109.03868562268973,110.32254841399676,36530900
136,2022-07-20,113.35804748535156,114.85091025049731,111.94480589002251,112.63151759868653,35600400
137,2022-07-21,113.79594421386719,114.00495167460863,110.58131743938425,113.73623213542243,32676200
138,2022-07-22,107.38658905029297,111.80545736836784,105.9932490465555,110.47183703443812,48901200
139,2022-07-25,106.99844360351562,109.34721476148648,105.79420198666402,107.89416270496079,34690900
140,2022-07-26,104.5202865600586,106.68991390610014,103.57480992289085,106.09277036719988,47991000
141,2022-07-27,112.52204132080078,113.36800296920033,107.49607452568807,108.7401268402842,59858500
142,2022-07-28,113.67652893066406,113.79595309687595,110.92965921139611,111.8353329683321,32816600
143,2022-07-29,115.76652526855469,116.15466896108313,112.52203489140882,112.54194397943671,37223400
144,2022-08-01,114.31346893310547,116.16461921046162,113.79593896680589,114.75137773642173,26034300
145,2022-08-02,114.58218383789062,115.79638002904798,113.17889687110984,113.4575633556852,20236000
146,2022-08-03,117.51815795898438,118.05558946224379,114.93053070088145,115.1594320713057,28499000
147,2022-08-04,117.62763977050781,118.21482883274447,116.33382229429161,116.92101894962119,21602900
148,2022-08-05,116.91104888916016,117.54800299790868,115.44804231050304,115.67695125259638,19159500
149,2022-08-08,116.74187469482422,119.57831251315469,116.32386733757586,117.82668469128856,19138300
150,2022-08-09,116.0750503540039,116.7617696373508,115.15942970493639,116.58262580661216,19086500
151,2022-08-10,119.13043975830078,120.34463596242325,117.84658452538288,118.21481912974991,30930400
152,2022-08-11,118.27452850341797,120.91192071702521,117.99586202223843,120.70292085614055,24293700
153,2022-08-12,121.10102081298828,121.10102081298828,118.89158283337814,119.6877792993413,19096300
154,2022-08-15,121.4991226196289,121.71807703386351,120.03611593641816,120.55363833935155,19494800
155,2022-08-16,121.12092590332031,121.84745576956125,120.06597200873036,120.94178207281517,19041200
156,2022-08-17,118.98116302490234,120.71288167155528,118.81196614417375,119.54845056051758,22847000
157,2022-08-18,119.59820556640625,120.2451142565541,118.15510799023149,118.86172875873096,17987700
158,2022-08-19,116.65228271484375,118.58305410832624,116.2044269718424,118.49347840387087,21809500
159,2022-08-22,113.69641876220703,115.07980422824266,113.30827507565557,114.65184995934078,21456600
160,2022-08-23,113.3182373046875,114.46276694733402,112.89028300676202,112.94004813634814,15870400
161,2022-08-24,113.14903259277344,114.23384241345713,112.33293469319297,112.95993423782826,17734600
162,2022-08-25,116.09495544433594,116.1646220653855,113.56704040567818,113.69641910388675,16956800
163,2022-08-26,109.81497955322266,114.57224186477183,109.66569935363755,114.17414361532893,37245700
164,2022-08-29,108.89936065673828,110.42207946188543,108.2823155735555,109.46664820361845,21191200
165,2022-08-30,108.42164611816406,109.97422092496217,107.28707105272045,109.64578930257257,27513300
166,2022-08-31,107.70506286621094,110.32254592222807,107.61548716074697,110.12350061045113,28627000
167,2022-09-01,109.21783447265625,109.92445524897461,106.84916169035981,107.76478233631381,28360900
168,2022-09-02,107.33683013916016,110.21307842824478,106.74964110254567,110.06379063471975,24160700
169,2022-09-06,106.30177307128906,107.51596926896929,105.27667524334035,106.78944701500801,25068300
170,2022-09-07,108.92920684814453,109.45669135552637,106.39134493339468,106.55057966549539,23167000
171,2022-09-08,107.86430358886719,109.078499800194,106.65011497063273,107.5259250214311,24238300
172,2022-09-09,110.12350463867188,110.46188319968864,108.5012556752909,108.55102080160147,23197700
173,2022-09-12,110.33250427246094,111.08889015087576,109.40692911388913,110.46188297027061,22966800
174,2022-09-13,103.82362365722656,107.7846893387219,103.59471470362199,107.2870684416698,38172900
175,2022-09-14,104.5003890991211,104.77905558849064,103.16676873054044,104.07243482099148,26395100
176,2022-09-15,102.42033386230469,104.76909744622156,101.86299330961457,103.53499978150074,34188300
177,2022-09-16,102.31085968017578,102.639283702151,100.45970933191258,101.58432982803475,42797200
178,2022-09-19,102.57957458496094,102.83833958549137,101.06681035212908,101.26585567986477,23036800
179,2022-09-20,100.65875244140625,101.882903164709,100.04169980785068,101.59428213900198,26517100
180,2022-09-21,98.80760955810547,102.39047869604212,98.79765501354908,101.18623696987109,31487300
181,2022-09-22,99.66351318359375,100.75827764430566,98.31993827303401,98.34979431212098,34298600
182,2022-09-23,98.27017211914062,99.18580033576465,97.00621838807963,99.15593670389735,31625400
183,2022-09-26,97.70288848876953,99.40475110446,97.33465387177638,97.63322186449305,27072700
184,2022-09-27,97.03607940673828,99.52418400691106,96.40907978100809,98.95689646179537,30072800
185,2022-09-28,99.5739517211914,100.22085285955642,96.64793820563632,97.18536972439702,32466300
186,2022-09-29,96.95645904541016,98.17065531531073,95.50340685796787,98.17065531531073,31047200
187,2022-09-30,95.19487762451172,98.4294134043774,95.10530191604596,96.58821763291844,32941500
188,2022-10-03,98.170654296875,98.8175630102199,96.06073886671564,96.29960237487207,27982000
189,2022-10-04,101.1563720703125,101.35541738545221,99.90236532427448,99.96208499329005,28850800
190,2022-10-05,100.94738006591797,101.4450009855778,98.3298967620206,99.35499464162503,22176900
191,2022-10-06,100.93741607666016,102.44023323947894,100.11136360497702,100.2009393105423,22324000
192,2022-10-07,98.21046447753906,100.0516603517211,97.83227531415282,99.37489560091394,27502800
193,2022-10-10,97.39436340332031,98.62846111239529,96.54840938978579,98.52893845076046,18225100
194,2022-10-11,96.71759796142578,98.77774817376962,95.85173486608706,96.96640841022621,26507100
195,2022-10-12,97.09579467773438,98.28013493612141,96.27969664578599,96.83703725784085,21876400
196,2022-10-13,98.5886459350586,99.30522121438588,93.93091421252319,94.69725461689511,34574500
197,2022-10-14,96.10054779052734,100.21090137017602,95.91145700787062,99.51422753973247,25410700
198,2022-10-17,99.49432373046875,100.44975494508492,98.35974868854377,98.38960472757987,28419200
199,2022-10-18,100.29051208496094,102.977669480451,99.49432320685048,102.63928332260754,24060700
200,2022-10-19,99.15593719482422,100.53932268092686,98.44931643231148,99.53413393609323,23811100
201,2022-10-20,99.49432373046875,101.83314043643365,98.91708166546346,99.52417976950483,25323200
202,2022-10-21,100.6488037109375,100.82794754437543,97.25503301309253,97.38441171770614,32458700
203,2022-10-24,102.03219604492188,102.26110502242939,99.50428830585139,101.31562825653955,27176400
204,2022-10-25,103.98286437988281,104.3212429399577,102.23123672329918,102.41038054718946,40611400
205,2022-10-26,94.47830963134766,97.8422243688905,94.23945371213154,95.97117241436078,88114100
206,2022-10-27,91.78119659423828,94.97592174214003,91.36319687614095,94.0702480931704,60710900
207,2022-10-28,95.83183288574219,96.09059787724979,91.6916233939895,91.8309566371646,43697300
208,2022-10-31,94.060302734375,95.57306689870097,93.53282580597906,94.9659688055794,31675000
209,2022-11-01,90.03952026367188,95.57306183643806,89.9399976095824,94.9958198123906,47161400
210,2022-11-02,86.55618286132812,90.74615003951523,86.46660714853941,90.50729412723294,57038300
211,2022-11-03,83.03302001953125,86.10831340135847,82.94344431306968,85.90926808736477,61288000
212,2022-11-04,86.16803741455078,86.22774949314112,83.3116906968652,84.99365177935555,51124900
213,2022-11-07,88.06895446777344,88.47700729545595,86.43675834322974,86.86471266814627,34078900
214,2022-11-08,88.47699737548828,89.89023890654045,87.17322545658932,88.47699737548828,30429000
215,2022-11-09,86.90451049804688,89.01442577049444,86.8646999163299,88.02913095745633,31769100
216,2022-11-10,93.4930191040039,93.94087488626228,91.1741038384967,91.81105799655386,51620100
217,2022-11-11,95.9512710571289,96.46879348169523,93.47311336671255,94.2394538485674,33090500
218,2022-11-14,95.24463653564453,96.32945403822642,94.0603039654914,94.6375384345769,30179500
219,2022-11-15,97.97160339355469,99.66351138474529,96.2498317707238,97.79245956917397,41640800
220,2022-11-16,98.37964630126953,99.16588820159294,97.1754046847515,97.43416966800666,29105200
221,2022-11-17,97.89198303222656,98.80760365631383,96.32945372628268,96.50859755213386,26052600
222,2022-11-18,96.96640014648438,98.42940667564423,95.91144636326615,98.30002039371558,28342300
223,2022-11-21,95.14511108398438,97.93179105937274,94.90625518678002,96.82707209430102,21647400
224,2022-11-22,96.58821105957031,96.75740032804538,93.60248592750435,95.49343910333945,23438500
225,2022-11-23,97.99150848388672,98.2900840665078,96.62802445978609,96.62802445978609,18868100
226,2022-11-25,96.99626922607422,98.17065490597226,96.93655714521095,97.77255664966751,9701400
227,2022-11-28,95.59297943115234,97.11569819421372,95.1550706024734,96.5782667025875,26237500
228,2022-11-29,94.73707580566406,95.6626510462463,93.66221276632477,95.2745073253337,20061700
229,2022-11-30,100.50946807861328,100.55923320625755,93.97072970281681,94.36882794469375,43647500
230,2022-12-01,100.50946807861328,101.7634748829433,99.772991266651,100.53932411796288,28687100
231,2022-12-02,99.96208953857422,100.29051356417902,98.429416244413,98.57870403410195,21480700
232,2022-12-05,99.00665283203125,100.89760608639799,98.5289334501006,98.92703166952748,24405100
233,2022-12-06,96.5185546875,99.30522721733549,95.96121410705892,98.82751539763453,24910700
234,2022-12-07,94.4882583618164,96.41902227907117,94.26930395221923,95.95126501404084,31045400
235,2022-12-08,93.26409912109375,95.12520384009744,93.00533415212564,94.92615094354828,32213300
236,2022-12-09,92.38829803466797,93.81149411113351,92.30867686839619,93.32382016253814,28225400
237,2022-12-12,92.86600494384766,93.11481538049334,91.17409701189375,92.2688614145164,29420000
238,2022-12-13,95.17497253417969,99.05641715165841,94.57782896066584,97.2948424708287,40593700
239,2022-12-14,94.61764526367188,96.4090836855868,93.15463848462352,94.74702397460736,28733600
240,2022-12-15,90.42767333984375,93.19444441414178,89.58171930241409,92.68686895444695,40107000
241,2022-12-16,89.83052825927734,90.89543669655227,89.09404384987789,90.32814916628604,58011800
242,2022-12-19,88.01918029785156,90.12908788829876,87.79027136089782,89.83051992764071,29493000
243,2022-12-20,88.59642028808594,88.75566261824142,87.0239440398078,87.69075421287637,23453800
244,2022-12-21,89.15376281738281,89.7907169658723,87.89975601556621,88.65614191430713,24745600
245,2022-12-22,87.34242248535156,88.11870987437933,85.909271863705,87.74052072393032,27658300
246,2022-12-23,88.805419921875,89.1238969610393,86.65569421269733,86.6955047917293,23003000
247,2022-12-27,86.97418212890625,88.51680998867842,86.59599297044319,88.37747674118715,20097300
248,2022-12-28,85.61070251464844,87.62109534883498,85.5310889356147,86.56614139398224,19523200
249,2022-12-29,88.02913665771484,88.42723490757112,86.19789533870554,86.20784988305239,23333500
250,2022-12-30,87.81019592285156,87.87986255192544,86.15809072896663,86.56614355146583,23986300
251,2023-01-03,88.69595336914062,90.61677037760805,88.09880220510901,89.16371064442977,28131200
252,2023-01-04,87.66089630126953,90.2186673282775,86.85474530999315,89.92009176216149,34854800
253,2023-01-05,85.78984832763672,87.15333245755251,85.49128031493731,87.0538097866527,27194400
254,2023-01-06,86.9244155883789,87.27275629454014,84.45622016455464,86.3770371515828,41381500
255,2023-01-09,87.6011734008789,89.62152048330157,87.44193867309151,87.93955953620126,29003900
256,2023-01-10,87.99927520751953,88.24808564924614,85.42160267591623,85.5708904595706,30467800
257,2023-01-11,91.08451843261719,91.16413959217385,88.58646719453307,88.75565646377223,26862000
258,2023-01-12,90.6963882446289,91.43287269029972,89.32295720715761,91.0447289711645,30258100
259,2023-01-13,91.68167114257812,91.75133776013793,89.70113462763581,90.41770989001778,26329200
260,2023-01-17,90.85562896728516,91.81106022758811,89.62153120519707,91.62196184719421,32602400
261,2023-01-18,90.68643951416016,92.35844611498095,90.2087200883145,91.70158285357975,29116700
262,2023-01-19,92.60725402832031,93.16458701556465,90.19876306253057,90.28833877439054,37000400
263,2023-01-20,97.55359649658203,97.83227057478473,94.56787113938321,94.64749230458399,63191100
264,2023-01-23,99.315185546875,99.56399601043773,97.03608078946915,97.48393658664499,40005100
265,2023-01-24,97.23512268066406,99.13603819966976,96.73750177115588,97.63322092688912,33078500
266,2023-01-25,94.76692199707031,95.70245168515892,93.31386993258523,95.1152550959037,42330000
267,2023-01-26,97.05597686767578,97.10574199484742,94.92616002591807,96.04083357396856,30114000
268,2023-01-27,98.89717864990234,99.84265530593878,96.84697541487013,96.84697541487013,33879800
269,2023-01-30,96.47874450683594,97.82231944586147,95.94131301260722,97.01617600106465,27226200
270,2023-01-31,98.36969757080078,98.40950815466127,96.35931244094722,96.40907756904596,29870700
271,2023-02-01,99.95213317871094,100.70851906446003,97.11569559851715,98.24031608663826,35531100
272,2023-02-02,107.22734069824219,107.33681789479918,105.10747856990469,105.29657692633798,69883800
273,2023-02-03,104.28143310546875,107.29701450167059,102.09190421385664,102.44023732028235,65309300
274,2023-02-06,102.4103775024414,103.8634295449767,101.3952266662137,101.91275662788445,31999600
275,2023-02-07,107.1278305053711,107.6652620074092,102.62934075240821,102.72886341728358,49010200
276,2023-02-08,98.89717864990234,102.64923682856325,97.57350525697757,101.56442693043918,94743500
277,2023-02-09,94.55792999267578,99.55404072276416,93.18449138448133,99.52418468225432,119455000
278,2023-02-10,94.1200180053711,96.28964546267231,93.80154092875313,94.99582806779736,54980700
279,2023-02-13,94.15982818603516,94.74701720884225,93.39348774073657,94.28920688773186,50076100
280,2023-02-14,94.2294921875,94.39868146803326,91.82100889832186,93.98068174209502,54726100
281,2023-02-15,96.47874450683594,96.65788833824551,93.70201891653383,94.04039749081163,50169000
282,2023-02-16,95.0555419921875,97.21521477469815,94.28920158994696,94.9162087541605,42462600
283,2023-02-17,93.90106201171875,95.10530367470463,92.76648697078687,94.39868291013072,34284100
284,2023-02-21,91.3532485961914,92.65701296526197,91.28358197173173,92.55749030076139,33629300
285,2023-02-22,91.21392059326172,91.67173095076852,90.17886811812298,91.26367813182742,30884000
286,2023-02-23,90.45752716064453,91.50253409442122,89.33290665311979,91.48262500616492,41206400
287,2023-02-24,88.70590209960938,89.46228802095382,88.15852364572393,89.01443223203913,36585100
288,2023-02-27,89.4423828125,89.73100384409955,88.91489828317458,89.4423828125,27502300
289,2023-02-28,89.63147735595703,90.79591607528975,88.89500052309056,88.90495506752045,30142000
290,2023-03-01,89.9300537109375,90.59686392466584,89.24333440817962,89.55186454339591,31111200
291,2023-03-02,91.56224060058594,91.84090707447562,89.16370434886473,89.23337856042907,32204400
292,2023-03-03,93.20439147949219,93.28401264189694,92.01009682269682,92.03996045341758,35160100
293,2023-03-06,94.67735290527344,95.51335999397993,93.55273236671877,93.5726338624318,32639300
294,2023-03-07,93.41339874267578,95.21478402463518,93.08496711653402,94.52807232544816,27835500
295,2023-03-08,93.8015365600586,95.503399070826,93.55272611825472,93.67215786383373,34103300
296,2023-03-09,91.88072204589844,95.07544729094798,91.46272231509023,93.60249368912125,28813500
297,2023-03-10,90.1987533569336,92.3484790931476,89.96985201598534,91.73142650002876,35941000
298,2023-03-13,90.67648315429688,92.1295353055602,88.99452204264824,89.66133224210813,37335600
299,2023-03-14,93.52286529541016,93.91100895731901,92.00014668436901,92.11957083074607,36050200
300,2023-03-15,95.65269470214844,96.46879271449647,92.19920427168174,92.77644636636741,50622100
301,2023-03-16,99.84265899658203,100.70852211278338,95.04559373185006,95.74225996804023,65492000
302,2023-03-17,101.136474609375,102.35066322909664,99.62370281885212,99.78294515178816,61028500
303,2023-03-20,100.73837280273438,101.26584972399411,99.3947979368084,99.6436083783907,32960400
304,2023-03-21,104.42076873779297,104.59991256706779,100.73837708314564,100.76823312250937,42110300
305,2023-03-22,102.8781509399414,106.08282326179875,102.83834035547768,103.77386251455106,43427400
306,2023-03-23,105.0975341796875,105.79420800627038,103.96295911766454,104.56010268824097,40797800
307,2023-03-24,104.93830108642578,104.98805862211833,103.34590808241246,104.49043770663731,30393300
308,2023-03-27,101.97247314453125,104.2615323044318,101.44499620942092,104.12219906093443,31120900
309,2023-03-28,100.54927825927734,101.96251979884079,99.2654154207413,101.95257284782572,32057900
310,2023-03-29,100.9075698852539,102.00233439427095,100.1710930472741,101.793334518348,28779600
311,2023-03-30,100.40994262695312,100.67866215981911,99.30522364315344,100.4298517146947,33086200
312,2023-03-31,103.23643493652344,103.39566967562425,100.55923207299183,100.81799706625952,36863400
313,2023-04-03,103.86343383789062,104.0326231198909,101.44499598386052,101.90280629620425,25035400
314,2023-04-04,104.22171783447266,105.07762635151548,103.54495313711536,103.83357415733603,24420100
315,2023-04-05,103.97291564941406,105.59515710589082,103.16677219338038,105.2766800226226,28290500
316,2023-04-06,107.90411376953125,108.65054511701238,103.83357846595176,104.75915364055206,48711500
317,2023-04-10,105.93354034423828,107.07806234756984,104.61982146300264,106.47097183107455,27067400
318,2023-04-11,104.84871673583984,106.22215520900343,104.18190658636902,106.04301139046436,26311800
319,2023-04-12,104.14209747314453,106.24205820052738,103.84352190700692,106.07286892315904,24370300
320,2023-04-13,106.9188232421875,106.97853531836758,105.33638488558677,105.33638488558677,24843600
321,2023-04-14,108.35197448730469,108.42164110764425,106.33162731127321,106.38139243712666,26578000
322,2023-04-17,105.46577453613281,105.65487290751938,104.02266937335287,104.16201021070087,37571200
323,2023-04-18,104.00276184082031,106.03305590180257,103.57480758885212,105.98329077756064,26596400
324,2023-04-19,103.68429565429688,104.48049216706148,102.57957659955501,103.08715206626977,20905700
325,2023-04-20,104.78900146484375,105.74443260354953,103.37576004674304,103.4155706266589,27820800
326,2023-04-21,104.90843963623047,105.49562864153211,104.2814324554801,104.9681517132192,25800100
327,2023-04-24,105.46577453613281,106.12263017432495,104.20181320069477,104.98805513219027,23542800
328,2023-04-25,103.3558578491211,106.1823484668057,103.34590330520571,105.32643992429568,46664100
329,2023-04-26,103.21652221679688,105.84395986079909,102.14165929158905,104.42076383754022,53347600
330,2023-04-27,107.07806396484375,107.85435896406044,103.04733914233148,103.95300525177885,50089200
331,2023-04-28,106.82925415039062,106.83920869473445,104.5899600378611,106.53068615790889,36139800
332,2023-05-01,106.6899185180664,107.47616045562452,106.31172936546945,106.33163086061985,26681700
333,2023-05-02,104.81886291503906,106.68991470916808,103.21652305785557,106.63020263275621,30997200
334,2023-05-03,104.90843963623047,106.97853676712556,104.46057627953847,105.02786379020792,21795400
335,2023-05-04,104.1918716430664,105.09753777760864,103.47529629660639,104.98806056672765,23419500
336,2023-05-05,105.06767272949219,105.37619524656543,103.61462066511625,104.32124140643722,26625100
337,2023-05-08,107.25720977783203,107.44630815726045,104.65963556054464,104.67953705638796,26511400
338,2023-05-09,106.83920288085938,109.62588288426798,106.67996814548604,107.8742552366085,36360100
339,2023-05-10,111.21827697753906,112.40261721138486,107.41645340605741,107.45626399131446,63153400
340,2023-05-11,116.01533508300781,117.35890998003737,113.86561676637899,114.85090401178836,78900000
341,2023-05-12,116.95085906982422,117.46838143400169,115.55751911429611,116.12480660274282,41073800
342,2023-05-15,115.95561981201172,117.91624729796742,115.45799893103178,115.55752158860936,36266800
343,2023-05-16,118.94135284423828,120.1754505833764,115.87600619542154,115.93571827523857,45035600
344,2023-05-17,120.2650146484375,121.09106715915512,118.3242961888887,119.04087149490434,33323600
345,2023-05-18,122.24555206298828,122.72326387464808,120.25506846385703,120.37449262022581,35234200
346,2023-05-19,122.1758804321289,125.37060556659539,121.56878235183454,122.96212233272476,41330300
347,2023-05-22,124.45498657226562,125.82841748352126,122.15597291663258,122.35502582680218,35253000
348,2023-05-23,121.97682189941406,124.03697194132886,121.62848881852831,123.56921471447752,34046300
349,2023-05-24,120.3247299194336,121.32992621989823,119.28967758115877,120.54368432083105,34182600
350,2023-05-25,122.89246368408203,124.72370499429998,121.37969186050914,123.92750849840978,42317000
351,2023-05-26,124.01708221435547,124.66399090771507,121.86735626591603,122.58393158206252,35635900
352,2023-05-30,123.08155059814453,125.06208723131287,121.41949862779474,125.04217814334058,35076700
353,2023-05-31,122.28536224365234,123.46969481793454,121.91712004551185,122.16593049458432,37325800
354,2023-06-01,123.13131713867188,123.82798336385527,122.03655267348697,122.23559799694154,30772700
355,2023-06-02,124.07679748535156,125.5497587390049,123.17113136582034,123.40003273525558,26963100
356,2023-06-05,125.4104232788086,126.82366483426891,123.2507427687404,123.41993964810082,32305500
357,2023-06-06,126.70423126220703,127.67956397510677,124.76351278739155,125.41042147669415,26638300
358,2023-06-07,121.91710662841797,128.42598057792483,121.5389175209611,126.3658381831414,52539000
359,2023-06-08,121.558837890625,122.64365544606527,120.66311871482401,121.64841360475143,29389200
360,2023-06-09,121.64840698242188,123.17112570184304,121.3299299142625,121.66830847720398,23762500
361,2023-06-12,123.05169677734375,123.45974956411615,121.0811222457333,122.20574275748704,28306400
362,2023-06-13,123.24079132080078,124.56446470926541,122.59388264580667,124.38532088531461,22278300
363,2023-06-14,123.08155059814453,123.45974733869542,120.87211260494071,122.5142630804105,30592300
364,2023-06-15,124.49478912353516,124.86303131123523,121.81759393072211,122.55407071303016,35246300
365,2023-06-16,122.94221496582031,125.5099405617093,122.69340452264717,125.33079673890096,45514000
366,2023-06-20,122.51426696777344,123.97727366337496,121.55883572827894,122.34507768010195,26097500
367,2023-06-21,119.97639465332031,122.07635532970119,119.52853131499121,121.8175903515394,30306300
368,2023-06-22,122.56403350830078,122.65360162877322,118.26458908449361,119.429020209191,26952200
369,2023-06-23,121.75787353515625,122.20573688397315,120.48396529451563,120.80244235467579,34885300
370,2023-06-26,117.77690887451172,121.41949744247009,117.70724225347334,120.1853997584649,33969900
371,2023-06-27,117.7669677734375,118.51339914725075,115.54757514767203,116.52291548374876,39535900
372,2023-06-28,119.60816192626953,119.81716179676539,116.2940048517799,116.53286076190481,27091400
373,2023-06-29,118.53329467773438,119.48872587696212,117.73710580825735,118.67262791972016,24090900
374,2023-06-30,119.13043975830078,120.50387829421939,119.12049280738276,119.59820461658656,29519700
375,2023-07-03,119.32949829101562,119.61811933616502,118.25463528006463,118.67263503107024,14467900
376,2023-07-05,121.17068481445312,122.02659333927569,118.66267890915145,118.67262585976906,27584800
377,2023-07-06,119.53849029541016,119.72758866259632,117.83662777001128,119.22996777471036,24745200
378,2023-07-07,118.91149139404297,120.47402068726721,118.83187022918119,119.52853643899117,21692600
379,2023-07-10,115.89590454101562,117.74705489595593,115.58738201288969,117.73710794498514,35315200
380,2023-07-11,116.58262634277344,117.14991387720602,114.80114257142738,115.73667231326417,23078800
381,2023-07-12,118.36410522460938,119.75744523552781,117.8465828398585,118.2347265266947,30404400
382,2023-07-13,123.9474105834961,124.23603160712076,119.87686780772502,120.35458719688465,44297900
383,2023-07-14,124.82322692871094,126.17675640796054,122.90240991720911,124.20618186143912,33266800
384,2023-07-17,124.05689239501953,126.49523177773591,123.60902902733594,125.34075523343135,25716200
385,2023-07-18,123.17112731933594,124.08674795318163,122.37493084193565,124.00712678682312,26226400
386,2023-07-19,121.44935607910156,124.5843692790778,121.22045471640399,124.00712721064436,37224000
387,2023-07-20,118.6328125,123.4995440064544,117.65747984586895,120.84225038010163,37906800
388,2023-07-21,119.44892120361328,120.41430699448074,118.16506592367423,120.04607237662714,72937900
389,2023-07-24,120.95173645019531,122.41474313178708,120.40435800830701,121.08112274560483,29686100
390,2023-07-25,121.62850189208984,122.56403163253377,120.44416169668466,120.78254786384007,52509600
391,2023-07-26,128.6549072265625,130.35676214061976,127.70943058695467,129.45110367587904,61682100
392,2023-07-27,128.78428649902344,132.60602666094323,128.1771883763532,131.04348970124676,44952100
393,2023-07-28,131.9491424560547,133.10362643815824,129.94871216599972,130.1577044124772,36591200
394,2023-07-31,132.0885009765625,132.89464445399818,131.15297119764708,132.0984479281434,28055500
395,2023-08-01,130.92405700683594,131.99891993360347,130.05818634611023,130.15771659691958,23166800
396,2023-08-02,127.7691421508789,129.47099705811388,126.95303661740036,128.83404293845086,26273300
397,2023-08-03,127.83880615234375,128.7743358739839,126.81370831340226,127.36109434055177,20089500
398,2023-08-04,127.50042724609375,130.88424328208276,127.30138192389168,128.6648583264697,26130000
399,2023-08-07,130.90414428710938,130.9837654483107,128.4060929974258,128.54542623298215,22746300
400,2023-08-08,130.77476501464844,130.88424221889798,128.92361467945548,129.998477634037,23535200
401,2023-08-09,129.04306030273438,131.41172554952155,128.3861970452602,131.0335439778547,24912900
402,2023-08-10,129.0729217529297,131.42169319546548,128.83405823487684,130.695170875727,20857800
403,2023-08-11,128.9435272216797,129.3117618339363,127.56014170520349,128.04781566195854,19569200
404,2023-08-14,130.70510864257812,130.74491163303028,128.34639041402843,128.77433710267465,24695600
405,2023-08-15,129.16249084472656,130.7946869315138,128.66486990136232,130.47621742457744,19770700
406,2023-08-16,128.08761596679688,129.66009982508598,127.26157104777742,128.08761596679688,25216100
407,2023-08-17,129.3018035888672,131.36196125693914,128.6747964401177,129.18237944098485,33446300
408,2023-08-18,126.853515625,128.63499931194184,125.77865268655036,127.89851493202701,30491300
409,2023-08-21,127.75918579101562,128.11747344866333,125.95780055174251,126.5748532050452,25248700
410,2023-08-22,128.46580505371094,129.6600920991953,127.70942680168035,127.89850997505022,22067500
411,2023-08-23,131.74014282226562,132.77520272479933,129.25203849949906,129.56056100573272,27819700
412,2023-08-24,129.16249084472656,133.61122329329774,128.95349855277775,133.31264769004198,28500700
413,2023-08-25,129.26199340820312,130.1377957542412,126.64450294743214,128.92359969772878,26762900
414,2023-08-28,130.38661193847656,131.90933055130816,129.52075650385797,130.6851874909537,20543300
415,2023-08-29,133.9296875,135.92017096898465,131.61077243629086,131.61077243629086,43075600
416,2023-08-30,135.23345947265625,135.6315501147355,133.43207426004315,134.1386874276615,28315800
417,2023-08-31,135.5220947265625,137.34338932032665,135.14389792537597,135.36285236962217,30053800
418,2023-09-01,135.01451110839844,136.80594945032874,134.20836765107612,136.80594945032874,21524600
419,2023-09-05,135.1239776611328,135.77087872900177,133.93963753997775,134.7955460588322,19403100
420,2023-09-06,133.8202362060547,135.88037909843112,133.03398657934434,135.37281118261353,18684500
421,2023-09-07,134.61639404296875,134.93487869329522,132.3173880233416,132.95434213781053,18844300
422,2023-09-08,135.7310791015625,136.00974558565406,134.2083603898534,134.2680724669895,23558300
423,2023-09-11,136.26849365234375,136.82582658236907,135.1438656559962,135.89029694146225,20763400
424,2023-09-12,134.69601440429688,136.21873306242523,134.54673421670935,135.6116349892628,18405500
425,2023-09-13,136.05950927734375,136.24859245755295,133.51167758565322,134.44720728074662,20749500
426,2023-09-14,137.44290161132812,138.0400375924637,135.59175121605634,136.94528070062265,24751000
427,2023-09-15,136.74620056152344,137.86088156813008,135.83058003957777,137.323442557438,38908400
428,2023-09-18,137.5523681640625,138.4978447839275,135.95997529868072,135.95997529868072,21861300
429,2023-09-19,137.3831787109375,137.75142852316634,135.96993710197103,136.7661336216356,20353700
430,2023-09-20,133.1036376953125,137.4229832645566,132.98419835818402,137.4229832645566,29927500
431,2023-09-21,129.8193359375,131.60081198310746,129.4511013506065,130.81457768472256,31488700
432,2023-09-22,129.6302490234375,131.4017782750434,128.9833479050883,130.1378168923183,26397300
433,2023-09-25,130.4861602783203,130.54587235985892,128.34639636353074,129.2122519182116,20094600
434,2023-09-26,127.95824432373047,129.73972044721884,126.61466183176898,129.1525314353715,25718700
435,2023-09-27,129.9188690185547,130.27715670469198,127.95825647590418,127.95825647590418,22746500
436,2023-09-28,131.68045043945312,132.66574536563317,129.1724366549313,129.2222017860651,22513100
437,2023-09-29,130.2373504638672,133.412174428442,129.7397295336501,132.6458339437757,30848100
438,2023-10-02,133.53158569335938,133.78039613443357,130.545860400469,130.58567857530397,22288000
439,2023-10-03,131.7998504638672,133.62114458922525,131.21266150812517,133.30267514343655,22989400
440,2023-10-04,134.5965118408203,134.9249434701971,131.8993997738575,132.15815718510046,26752300
441,2023-10-05,134.4273223876953,134.84532213743643,132.81502028305357,134.4273223876953,19832600
442,2023-10-06,136.92538452148438,137.50262665466772,133.3723635946971,133.3723635946971,27583200
443,2023-10-09,137.76136779785156,138.27889778472175,134.96474077645817,136.28841418957376,19278100
444,2023-10-10,137.40309143066406,139.05519659503832,136.6765691108844,137.8410002873595,27786600
445,2023-10-11,139.88125610351562,140.43858915374793,137.920628289257,137.920628289257,25884300
446,2023-10-12,138.30874633789062,140.54804026123193,137.60211801793758,140.37885098714375,24765500
447,2023-10-13,136.70640563964844,139.33384321860913,135.9699212870382,138.71679820107695,23420500
448,2023-10-16,138.43814086914062,138.9656178098258,137.33342186038425,137.51255809555218,28501900
449,2023-10-17,139.05517578125,139.23431200334724,136.5272532818645,137.9703659398381,23515800
450,2023-10-18,137.30357360839844,140.0504356733887,136.7263315075888,138.7864742597851,23375000
451,2023-10-19,137.0945587158203,138.9954742091233,136.72632410734244,137.84099006998994,26066000
452,2023-10-20,134.95480346679688,137.21399157463526,134.43727344295388,136.67656764747252,26315200
453,2023-10-23,135.8505096435547,137.0049938097521,133.31263994264685,134.39744989145308,26317900
454,2023-10-24,138.14950561523438,138.6968916178538,136.76612018289654,137.17417294722958,44814300
455,2023-10-25,125.01232147216797,127.69947125982357,124.4748899960184,127.55019106624778,84366200
456,2023-10-26,121.69816589355469,123.73841461751326,120.69296955110403,122.68345314790562,57061100
457,2023-10-27,121.58869171142578,122.72326678236502,119.63801864923039,122.29531249468846,44566500
458,2023-10-30,123.86779022216797,124.80331991907411,122.16592770060555,122.62373800525754,28940100
459,2023-10-31,123.48960876464844,124.77347164354663,122.10622322082405,124.46494151125496,26292300
460,2023-11-01,125.84832763671875,125.88813822149176,123.13132166552205,123.47965479092001,30082400
461,2023-11-02,126.88337707519531,128.36628525589762,126.32604408767605,127.80895226837836,27124600
462,2023-11-03,128.48573303222656,128.91367975208917,127.25162763160075,127.41086997739491,26380100
463,2023-11-06,129.6302490234375,129.7198171439132,128.0577651016171,128.43596185853923,19052700
464,2023-11-07,130.34681701660156,131.28234671869467,129.26200712212525,130.08805962107587,29757300
465,2023-11-08,131.21267700195312,131.580926799427,130.15772310979614,130.34682148408558,26425800
466,2023-11-09,129.6202850341797,131.9192909413078,129.45109576679184,131.33210198045876,23747800
467,2023-11-10,131.95909118652344,132.16809862200418,128.79422992197888,129.48094911346612,26913300
468,2023-11-13,131.46148681640625,131.95910772056664,130.62548734210117,131.15296428561638,18324800
469,2023-11-14,132.98419189453125,135.05429646532818,132.68563153168148,133.55148695631235,32395200
470,2023-11-15,133.97946166992188,134.38751449955015,132.93446980864985,134.22827214854598,23861500
471,2023-11-16,136.27847290039062,136.56710157010505,133.68090599008264,134.54676162685195,28013200
472,2023-11-17,134.66616821289062,135.41259957777135,133.01406314727024,135.35288749837048,37240600
473,2023-11-20,135.60171508789062,136.00976793027115,132.98422391138493,133.05389813694657,27815500
474,2023-11-21,136.3182830810547,136.52727537398616,135.31309423775954,135.64151069808045,22635300
475,2023-11-22,137.83103942871094,138.75660699373168,136.81588856208788,136.81588856208788,17813900
476,2023-11-24,136.0396270751953,137.47277793932125,135.34296073463057,137.37324766801746,12514300
477,2023-11-27,135.76095581054688,137.761386630107,135.3529029730756,135.38275901618942,23436500
478,2023-11-28,136.54714965820312,136.59691477732565,134.7756207579528,135.43248388353294,18730000
479,2023-11-29,134.3477020263672,137.63198796354249,134.19840663801398,136.9154278069515,23967200
480,2023-11-30,131.89939880371094,134.9050333890216,130.65534651348793,134.4074124729324,38988300
481,2023-12-01,131.2325897216797,131.48140018185381,130.04824950146127,131.2325897216797,31431200
482,2023-12-04,128.6549072265625,129.41128550101195,127.29142327486284,129.26200531072064,36669900
483,2023-12-05,130.36672973632812,131.51125173964408,127.63976171874135,128.33642794624606,27384800
484,2023-12-06,129.40135192871094,131.21268423164344,129.26201867463922,130.8145935589201,23576200
485,2023-12-07,136.27847290039062,137.90072213818786,134.0590876044096,134.39746622266577,56767100
486,2023-12-08,134.3477020263672,135.75098148530094,133.39226317393695,133.56145246512227,32233900
487,2023-12-11,132.65577697753906,132.70554210632815,130.73496753299872,131.75011845279244,31138000
488,2023-12-12,131.88946533203125,132.36717720816904,130.63545077616277,131.18283687704292,29032800
489,2023-12-13,131.939208984375,132.86477654283303,130.94396721251857,132.74535238978922,30104800
490,2023-12-14,131.31219482421875,133.08372386900336,129.07290095664663,132.74534532925426,38722400
491,2023-12-15,131.96908569335938,132.87474430610476,130.55582879211832,130.99373767011565,50815200
492,2023-12-18,135.15383911132812,136.4974064259798,131.79986392780293,131.99892443621175,32258000
493,2023-12-19,135.9998016357422,136.8159072955645,135.4325216409029,136.18890002941743,25476800
494,2023-12-20,137.68174743652344,141.02576050336694,137.41304308366068,138.30875463223933,49107200
495,2023-12-21,139.75184631347656,140.02056584118617,138.51774106231403,138.82627876474274,27488300
496,2023-12-22,140.81675720214844,141.3143780648777,140.0404698711855,140.10018194492363,26514600
497,2023-12-26,140.8466339111328,142.00110294060704,140.51820227118546,140.91629294532333,16780300
498,2023-12-27,139.70208740234375,141.40395757196106,139.2243755877538,140.91628362015615,19628600
499,2023-12-28,139.56275939941406,140.46843312127822,139.08504756687975,140.11014545033115,16045700
500,2023-12-29,139.02532958984375,139.6921397740678,138.11965590639036,138.9656175115826,18727200
501,2024-01-02,137.51255798339844,138.78646627528045,135.83059690794266,137.89075472780192,23711200
502,2024-01-03,138.25900268554688,138.96563111524162,136.42776123741183,136.59695053777565,24212100
503,2024-01-04,135.74102783203125,138.49785185670754,135.7012248421468,137.76136746127565,27137700
504,2024-01-05,135.08416748046875,136.50737117465926,134.50692540464604,136.09931838527314,22506000
505,2024-01-08,138.17938232421875,138.34857162557788,135.6116563892304,135.6415124314593,21404000
506,2024-01-09,140.2793426513672,140.81678178118554,137.49266229644218,137.84100303562764,24759600
507,2024-01-10,141.60301208496094,142.31958744643927,140.23953558229127,140.3291037059296,21320200
508,2024-01-11,141.40396118164062,144.5290199237723,139.97081051510136,142.80725580814243,24008700
509,2024-01-12,141.9712371826172,142.51862321173218,141.14519984962567,141.9911462708172,18768600
510,2024-01-16,141.81201171875,143.66316210251998,140.77695172665017,141.3243377622621,22670500
511,2024-01-17,140.796875,141.16510964915355,138.23909598780784,140.67745082972024,20968600
512,2024-01-18,142.7972869873047,143.5238244240393,141.3143864475642,141.37409852484444,25746400
513,2024-01-19,145.68350219726562,145.75316122771846,143.69301856100813,144.05130622298188,33300700
514,2024-01-22,145.29534912109375,147.68392325601644,145.1460537462961,146.40006807538688,32200400
515,2024-01-23,146.34034729003906,146.479680534306,144.80768160310274,145.19582529685954,21636100
516,2024-01-24,147.99244689941406,149.1369840368619,147.39531095421805,147.83320457288815,25233500
517,2024-01-25,151.14736938476562,152.3217626217301,148.82845413653732,149.3559462690805,29149100
518,2024-01-26,151.46583557128906,151.81416105186207,150.2914424776346,150.38102577143502,26115500
519,2024-01-29,152.77957153320312,153.0482910859022,150.70946665463993,151.33647388220928,27784300
520,2024-01-30,150.73931884765625,152.88902943924788,150.47059932888845,152.07293911887135,36331800
521,2024-01-31,139.43336486816406,143.31480132970376,139.2044483486553,142.936604633283,71910000
522,2024-02-01,140.48834228515625,142.37929571349378,140.12009247642374,141.44376595073413,40466500
523,2024-02-02,141.70252990722656,141.94137821596175,135.8505033642639,138.5973652180094,62470600
524,2024-02-05,142.99632263183594,144.77781380981077,142.10061116086746,142.14042933381648,38505400
525,2024-02-06,143.4143524169922,144.6683516438696,142.5086787155993,143.9617232693515,29128200
526,2024-02-07,144.8474884033203,144.9271095715937,143.24514845900856,144.07120099538642,25208900
527,2024-02-08,145.21572875976562,145.6337284763745,144.40958536443537,145.13610759667097,22563800
528,2024-02-09,148.29103088378906,148.72893971350393,145.4844416676264,145.98206257663242,26829500
529,2024-02-12,146.8280029296875,148.62938792958505,146.66876061718602,147.71376741197568,21564100
530,2024-02-13,144.4493865966797,145.97210525516456,143.00628910032142,144.23043219737744,27837700
531,2024-02-14,145.24559020996094,145.82283227426896,143.40438681197526,145.38492345402256,22704200
532,2024-02-15,142.09066772460938,142.83709903093674,139.79166173091048,142.45890230948538,37590700
533,2024-02-16,139.85137939453125,142.5086731289085,139.47318265796596,142.30962780983683,31451100
534,2024-02-20,140.44851684570312,141.40395564806843,138.82628305113792,138.99547233345777,25144700
535,2024-02-21,141.8717041015625,142.01103732890303,140.01059183886358,140.77693218232784,23315700
536,2024-02-22,143.40438842773438,144.31006211743158,142.1205331777144,144.2403879015234,27191900
537,2024-02-23,143.27499389648438,143.99155390959845,142.74750185334528,142.98636531517155,19493800
538,2024-02-26,136.91542053222656,141.76224319676408,136.73626911295864,141.46366762210727,53641800
539,2024-02-27,138.2191925048828,138.5874271285175,136.43770109534037,137.36328390942444,33099200
540,2024-02-28,135.7310791015625,137.35331287977036,134.76569335803654,137.24383567629263,37328600
541,2024-02-29,137.80117797851562,138.19926859997335,135.75096723807542,136.62678482870294,42133000
542,2024-03-01,136.4874725341797,138.20923675612528,136.2685181029281,137.7713278936221,31119500
543,2024-03-04,132.71551513671875,135.01452152533,131.28236435260098,135.01452152533,55999400
544,2024-03-05,132.03872680664062,132.60602191781157,130.04824322136915,131.2524924723796,40194800
545,2024-03-06,130.77476501464844,132.94440001172532,130.22739417958527,132.4865821068133,35318600
546,2024-03-07,133.7406005859375,134.29793357515936,130.98377649333827,132.1581545511722,37738200
547,2024-03-08,134.76568603515625,137.43292657686754,133.36239155397143,133.57139899877532,39343100
548,2024-03-11,137.0149383544922,138.43814204162481,135.48227264684192,135.48227264684192,32437800
549,2024-03-12,137.8409881591797,138.7168057955102,136.37798151039325,136.37798151039325,27563400
550,2024-03-13,139.12484741210938,140.4186648160553,138.3286661046211,138.33861305579995,23347200
551,2024-03-14,142.4191131591797,142.90677194087021,139.79167531307277,140.5181976030222,42753400
552,2024-03-15,140.50823974609375,142.49872348366935,139.36371767146207,141.8219663022628,49460600
553,2024-03-18,146.977294921875,151.4260267765602,146.4697270944285,147.90287764978802,69273700
554,2024-03-19,146.33041381835938,148.08203407709263,145.38493706044193,147.45504201322817,24070400
555,2024-03-20,148.0322723388672,148.15169649653035,146.04178871816205,147.29578793217973,21311500
556,2024-03-21,146.89768981933594,149.65449855989905,146.20100843853635,148.75878705056255,24755600
557,2024-03-22,150.0526123046875,150.85875574292584,148.2711209562635,148.41045420254932,29175700
558,2024-03-25,149.35594177246094,149.6644642956251,147.11664775908744,149.22655548099812,19229300
559,2024-03-26,149.9530792236328,151.53551003081748,149.26635995623974,149.505223453737,22149100
560,2024-03-27,150.15211486816406,150.91845525200065,148.19148744617945,150.46063737451573,22879200
561,2024-03-28,150.2118377685547,150.70945866916398,149.45545946665504,150.13223178829975,24485400
562,2024-04-01,154.75013732910156,154.99894775398752,149.89335297574888,149.97297413405437,31730800
563,2024-04-02,153.82456970214844,153.96390294626983,151.4260333268872,152.7696158272029,24586000
564,2024-04-03,154.182861328125,154.34210366441846,152.00327930693646,152.8691500191665,24705000
565,2024-04-04,149.81375122070312,154.03358204033015,149.73413005208545,152.7696206660751,34724700
566,2024-04-05,151.7743682861328,152.6899888823038,148.8881732587718,149.31611992588236,23449300
567,2024-04-08,154.11318969726562,154.53118940622207,151.88384272998078,152.0530320036405,20702000
568,2024-04-09,155.8548583984375,157.80552365250796,154.45156393780977,155.34727540542815,31113000
569,2024-04-10,155.3970489501953,155.86481379575542,153.9439892879095,155.46672316327985,22838600
570,2024-04-11,158.65150451660156,158.92020887792125,155.71554414142938,156.1633999298141,27166400
571,2024-04-12,156.9794921875,159.4576498521726,156.39230314278245,157.20840874623565,25329200
572,2024-04-15,154.12315368652344,158.48231785442226,153.85443413456358,158.1041210913814,27136500
573,2024-04-16,153.6653289794922,154.9093812386726,152.6999432114734,153.45633670421336,20779500
574,2024-04-17,154.73023986816406,156.33257973226392,153.84447529646815,154.8795200598381,21763100
575,2024-04-18,155.2676544189453,156.19323711028636,153.88426904317683,154.600844292543,19883000
576,2024-04-19,153.35679626464844,155.61599926941918,151.5753202297304,155.45675694613493,32239100
577,2024-04-22,155.536376953125,156.88990631862524,153.3269390890557,153.57574952252133,26446200
578,2024-04-23,157.5069580078125,158.21358635071638,155.53638354340058,156.21315584791824,21151600
579,2024-04-24,158.37283325195312,158.8107420758396,156.42215263269097,156.74063729958468,22779100
580,2024-04-25,155.25772094726562,155.74539489675468,150.15212564884374,150.60994355919925,57109700
581,2024-04-26,171.13182067871094,173.8786977049699,168.84276155222324,173.54030395897186,64665300
582,2024-04-29,165.35940551757812,168.74323647348305,164.42389105822426,168.2555625642054,45610000
583,2024-04-30,162.00547790527344,167.30017218886394,161.8263416497257,164.8220143504815,33562900
584,2024-05-01,163.080322265625,166.3248050727695,162.31398182603573,163.51823108824746,33493200
585,2024-05-02,165.82717895507812,165.9366561572897,163.1101731735162,164.00588469256783,24294500
586,2024-05-03,166.44424438476562,167.16081969689057,162.27417880581723,166.7627138644963,34662400
587,2024-05-06,167.30015563964844,167.3399586304374,165.2399977875199,166.66320148373052,21871300
588,2024-05-07,170.43515014648438,170.94271797332505,167.58875812637166,167.69823532661383,28039700
589,2024-05-08,168.57406616210938,169.34039143777946,167.93711199783866,168.19586940682248,19569100
590,2024-05-09,169.1512908935547,169.87781310338192,167.3797466451611,168.5839958188216,15346700
591,2024-05-10,167.84751892089844,169.0418211972959,165.39923266388908,167.2304738812949,29799900
592,2024-05-13,168.335205078125,168.474538328996,163.2196626015956,163.47842001430308,31327600
593,2024-05-14,169.5294952392578,170.43516897895464,167.99682945269723,168.9622152743634,25127100
594,2024-05-15,171.68914794921875,171.82848118606026,169.69866445937762,169.81810379537313,26948400
595,2024-05-16,173.35121154785156,174.28674128104558,171.86831096693263,172.46544694250113,27867900
596,2024-05-17,175.22227478027344,175.43128224723478,172.86355649440316,173.3512152736709,24479300
597,2024-05-20,176.0781707763672,177.9193741112275,175.24217134065958,175.3516485419678,22554400
598,2024-05-21,177.00375366210938,177.3023140421263,174.9734519608894,176.05826183810862,16989400
599,2024-05-22,175.54075622558594,176.30708148924128,174.37632512413728,175.79951363051288,17880000
600,2024-05-23,172.72421264648438,177.40184593977742,172.12706150853876,176.22746793765114,21024900
601,2024-05-24,174.15737915039062,174.93366658897898,172.82374351187994,174.1474170125974,16572500
602,2024-05-28,175.56063842773438,176.42650907586395,173.54029889240527,173.61992005465763,20572200
603,2024-05-29,175.0630340576172,175.99856381955107,173.88865597259237,174.59526917665025,23388700
604,2024-05-30,171.2910614013672,174.3862639091637,170.97257674604643,174.36635482166008,22958700
605,2024-05-31,171.67919921875,172.23653216033742,168.63376194065896,171.0422451160524,37638900
606,2024-06-03,172.3460235595703,173.69955303760383,170.3455929752159,171.71901635552842,27459100
607,2024-06-04,172.96307373046875,173.0228009976231,171.07212029758608,172.45550585604707,26879600
608,2024-06-05,174.5753631591797,175.80945323933747,173.10239440013726,174.36635570479385,22068500
609,2024-06-06,175.88906860351562,176.30706831231922,174.91373594964054,175.06301613629049,23251000
610,2024-06-07,173.6298828125,177.02364564681855,173.47064048742553,176.2075553066339,19661400
611,2024-06-10,174.37716674804688,176.41975708694557,172.13530264029285,174.3373180757214,23779200
612,2024-06-11,175.98135375976562,176.20055947666336,173.14166821496,175.5828062037414,21540600
613,2024-06-12,177.14710998535156,179.75764648213246,175.47319211286342,177.60545332869307,27864700
614,2024-06-13,174.52664184570312,176.100930541289,174.24765551520585,175.47320369586276,20913300
615,2024-06-14,176.15072631835938,176.419754263997,173.52027308216327,173.59002726213419,18063600
616,2024-06-17,176.59910583496094,177.715051051079,174.17788480631722,174.82554352922475,19618500
617,2024-06-18,174.45687866210938,176.74856500464978,173.47046818859647,176.49946899358264,21869900
618,2024-06-20,175.6625213623047,176.648931899367,174.35726061279985,174.73587623555667,20160100
619,2024-06-21,178.98046875,180.19605848680078,175.9713847127052,176.3599738775111,58582700
620,2024-06-24,178.5719451904297,180.23590467855502,178.02393093898397,179.50854860133447,18298000
621,2024-06-25,183.3645477294922,183.6236020982057,178.77121684563144,178.97049060645827,23235600
622,2024-06-26,183.21510314941406,183.84281475961373,181.82015636356306,181.96962309255457,19839000
623,2024-06-27,184.7395782470703,185.37726345815258,183.3546049665816,183.51401486664113,18848900
624,2024-06-28,181.49134826660156,184.46058367632295,181.30204806851228,183.65351502999962,29156600
625,2024-07-01,182.32830810546875,183.2150892304388,180.64441676394287,182.36815677467078,16006100
626,2024-07-02,184.5701904296875,184.89899899691764,180.9034891495935,181.39172281674388,17372500
627,2024-07-03,185.14808654785156,185.4170992875996,183.33466032731423,184.18159282875,10242100
628,2024-07-05,189.9108123779297,190.16986676631305,185.1281657368756,185.1879463493014,20967500
629,2024-07-08,188.3464813232422,189.48235856567723,187.10100122392242,189.2133306072121,21035900
630,2024-07-09,188.29664611816406,190.6680449292031,188.03759174863737,189.62183867706156,15121400
631,2024-07-10,190.48870849609375,191.05665474143063,188.34648872255113,188.46604995162622,15952500
632,2024-07-11,184.8990020751953,190.16986719879003,184.4107683999166,189.16352474556632,25625800
633,2024-07-12,184.40078735351562,186.43340394870364,183.82288283046884,184.41074571984632,22898400
634,2024-07-15,185.85549926757812,187.5593225326645,184.25132048016474,184.25132048016474,16474000
635,2024-07-16,183.2549591064453,187.99774187820162,182.70694481891954,186.6825227917543,18290700
636,2024-07-17,180.36544799804688,182.88629847032706,179.24948750496557,182.308393887249,20734100
637,2024-07-18,177.04747009277344,181.8400745567317,175.83188043287228,181.27212839599844,25315700
638,2024-07-19,177.01759338378906,179.63807308812588,176.48951105533254,178.23318313703982,18881900
639,2024-07-22,181.01309204101562,182.03936641608118,179.57829654867925,179.93699542176336,24100300
640,2024-07-23,181.1326446533203,182.94607087092996,180.88354864784296,181.39171422932947,36352700
641,2024-07-24,172.0057830810547,175.5529078595556,171.1987144347076,172.97227682395808,49585200
642,2024-07-25,166.6751251220703,172.7929226710128,166.58545420511723,171.8961830942536,44852000
643,2024-07-26,166.39613342285156,167.48218836937892,163.4667619348052,166.54558494627688,41336900
644,2024-07-29,168.91697692871094,169.81371643996607,167.38255227079114,168.21951117511102,20293800
645,2024-07-30,169.6742401123047,170.61084359012222,167.8309386667155,169.6244330706624,18959700
646,2024-07-31,170.91969299316406,173.61990013827557,169.39522679360476,172.61355784032972,25729100
647,2024-08-01,170.1425323486328,173.42064433790932,168.2693407012315,169.63438196406787,24531400
648,2024-08-02,166.05735778808594,167.90065902927802,164.07454819419817,165.8381520961541,29130100
649,2024-08-05,158.6741485595703,163.8354102699276,154.36976247516517,154.93770864058513,53630700
650,2024-08-06,157.7176055908203,159.98937493855377,155.8444141408682,158.7538533920478,49004600
651,2024-08-07,158.36526489257812,162.39064929609555,157.8969632273386,160.6669093473954,25138600
652,2024-08-08,161.444091796875,163.0980928190794,159.63068089584155,159.92958392090395,25578800
653,2024-08-09,163.0781707763672,163.1977319936456,158.48483983468753,159.43140161323996,28602300
654,2024-08-12,161.70315551757812,164.30371841151174,161.25478575040617,163.75571936475353,15895300
655,2024-08-13,163.56640625,164.13433724204145,162.3807068200086,162.81911822642027,18551700
656,2024-08-14,159.79010009765625,162.6298006303333,157.13973016458638,161.81275843785846,40591100
657,2024-08-15,160.7167510986328,161.05551802843678,159.03285961324696,159.9196408139774,31524300
658,2024-08-16,162.37074279785156,164.46314006883134,160.54735825938926,160.88612516941268,24208600
659,2024-08-19,166.06732177734375,166.08725371463413,163.66603265490428,164.68234860612503,22416200
660,2024-08-20,166.57546997070312,168.0301973015893,166.21678632585224,166.2964836667436,18341500
661,2024-08-21,165.2502899169922,166.2466739015297,164.07454890935912,164.5528089649255,22902000
662,2024-08-22,163.20770263671875,166.98399131629145,162.71946900223335,166.65518277106005,22493300
663,2024-08-23,165.0211181640625,165.57909078821876,163.237597440162,164.12437861861332,13955700
664,2024-08-26,165.5591583251953,166.94413138700807,163.86530867604202,165.77836400723294,14190400
665,2024-08-27,164.0845184326172,165.83816409495242,163.86532792843937,165.2403275821356,11821900
666,2024-08-28,162.26113891601562,165.0011948895807,160.9459047509701,164.44320708392877,16407400
667,2024-08-29,161.19500732421875,165.36985884682494,159.67054097302747,163.71585770644296,19699800
668,2024-08-30,162.7892303466797,163.06821666334946,161.10533887588517,162.03196874119254,22123800
669,2024-09-03,156.79100036621094,161.26477038522722,155.91417750545756,161.13523558890284,38945300
670,2024-09-04,155.88427734375,158.42505964289654,155.3960589028362,156.09352467815137,19353800
671,2024-09-05,156.6714324951172,158.87343271753585,155.41597886981896,155.73482906151818,18688700
672,2024-09-06,150.374267578125,157.25928448946016,150.00561037278717,156.73120219936595,37912100
673,2024-09-09,148.368896484375,153.04812579911544,146.88230875795676,152.16016788537544,39260500
674,2024-09-10,148.31900024414062,150.92301391041104,147.9997269680091,150.10488755816476,31118800
675,2024-09-11,150.8132781982422,151.15249466457212,147.18162811030237,149.57611698577008,29607700
676,2024-09-12,154.33517456054688,154.46488123819847,152.29984538660895,153.4472166512295,29695000
677,2024-09-13,157.09881591796875,158.0167037423396,154.85397709703722,155.0734584425326,29591200
678,2024-09-16,157.6974334716797,157.88700007819574,156.2407910010188,156.949153850456,18379800
679,2024-09-17,158.95455932617188,160.18173369132347,158.01671306098063,158.65524442097214,20715600
680,2024-09-18,159.44342041015625,160.13184010247764,158.23620447115354,159.493308763357,23677300
681,2024-09-19,161.76808166503906,163.41429079540828,160.96991366518583,163.3344876968325,26587700
682,2024-09-20,163.21475219726562,163.35443045510996,161.68826294232812,163.12496229374892,40896400
683,2024-09-23,161.47874450683594,165.1103942398001,161.29914948564644,163.97300985155823,24150900
684,2024-09-24,161.917724609375,162.84559924653018,160.32140390143587,162.65603264196153,23332100
685,2024-09-25,161.11956787109375,162.43653204188453,160.93000127122684,161.09960948590057,18869200
686,2024-09-26,162.35671997070312,163.70362938299246,161.90775524120266,163.26463623457852,20319300
687,2024-09-27,163.5739288330078,165.31991468714682,162.25696456225583,162.4365443712631,21101300
688,2024-09-30,165.46957397460938,165.76887364583845,162.88550343062403,162.9453785886578,20413900
689,2024-10-01,166.60696411132812,168.7719847422779,164.2024885113937,167.30535540779766,28338100
690,2024-10-02,165.47955322265625,167.13574919120185,164.3521403294987,166.03826626655388,17760200
691,2024-10-03,165.47955322265625,166.25776285148348,163.54400073216186,164.0328822574666,15073100
692,2024-10-04,166.67678833007812,167.84410270815644,165.10041077348518,167.6744944881404,19047400
693,2024-10-07,162.6061553955078,168.09353960289477,162.37668722767793,167.3352883566198,22463100
694,2024-10-08,164.00294494628906,164.35213297119705,162.49639888774195,163.5639517960843,23072700
695,2024-10-09,161.4887237548828,164.46188392429227,159.37359151374716,163.07507293573457,31181800
696,2024-10-10,161.70822143554688,162.69595604624766,160.0320671165202,160.50099024469034,14144100
697,2024-10-11,162.8655548095703,163.52402928799188,160.87014254138842,161.75810039177787,15344300
698,2024-10-14,164.5816192626953,165.84869515872447,163.02518482340258,163.26463978878337,19016100
699,2024-10-15,165.08047485351562,167.29536861569628,164.25237687914083,165.40970450318616,20247200
700,2024-10-16,164.78114318847656,165.41967448375283,163.36440235282572,164.1525834736406,16406000
701,2024-10-17,162.55625915527344,165.9883708197769,162.3866509330354,165.3498394792033,21453400
702,2024-10-18,163.04515075683594,164.3322003226238,162.7059342913527,162.81568258592537,19757700
703,2024-10-21,163.69366455078125,164.12267091200812,162.24697837282997,162.57622324771475,20946500
704,2024-10-22,164.76119995117188,165.38975972379467,162.60615092256947,162.60615092256947,16568100
705,2024-10-23,162.4066162109375,165.43965162521155,161.5585598399715,164.38207025094962,18280500
706,2024-10-24,162.34674072265625,162.95534206352698,160.64065656258018,162.45648900457678,22412500
707,2024-10-25,164.89089965820312,165.21015770980458,163.04513719135548,163.29456372883286,19828900
708,2024-10-28,166.3375701904297,168.3629124526984,163.5739198981752,168.3629124526984,32138600
709,2024-10-29,169.29078674316406,169.9891932870904,166.7067312467614,167.3452626285711,42169000
710,2024-10-30,174.059814453125,181.6024702004282,173.660722875302,180.26553244445503,68890800
711,2024-10-31,170.71751403808594,176.41442332366287,170.60776574356834,172.73288489023227,44769000
712,2024-11-01,170.89707946777344,171.924730806551,168.49261922011235,169.67989197256162,31796500
713,2024-11-04,168.851806640625,170.33837916949005,167.62461702535575,169.540211146429,21492700
714,2024-11-05,169.35064697265625,170.13882813078655,168.45270230555178,169.04134527892143,18242100
715,2024-11-06,176.10511779785156,176.53413938489027,173.1020275837351,173.40134249175,33695500
716,2024-11-07,180.33538818359375,180.66463304281666,176.783556694456,177.00305326727127,25352900
717,2024-11-08,177.94090270996094,180.48504128160124,177.6715177795822,180.23561473741785,22006200
718,2024-11-11,179.93630981445312,180.13584799922145,178.06061738529806,178.1703656704888,17450400
719,2024-11-12,181.20339965820312,182.07141442586757,178.97851903978543,179.40754063277615,25134900
720,2024-11-13,178.4696807861328,180.54491140269107,178.13044912542955,180.04605832824305,23184000
721,2024-11-14,175.17726135253906,178.40983501207117,173.92015698572658,177.87106512358804,31007500
722,2024-11-15,172.09434509277344,173.7405542062273,170.8272539769183,173.3314910172349,32504600
723,2024-11-18,174.8979034423828,175.03758170425652,172.50339937967658,173.02221087683125,20206600
724,2024-11-19,177.71141052246094,178.4596901179334,173.16187301779436,173.32150965187077,23434900
725,2024-11-20,175.5763397216797,177.27243728365775,173.38138904007343,176.93322081601997,18997100
726,2024-11-21,167.2454833984375,173.73057324168968,163.32449039222482,173.50108987072463,59734400
727,2024-11-22,164.38206481933594,166.0781775052239,163.52403689515066,165.4695761261647,38604600
728,2024-11-25,167.26544189453125,168.24320495243438,165.23012790175193,165.7090226252667,33135300
729,2024-11-26,168.73207092285156,169.43047745533647,167.19561004372002,167.24549839943876,20486700
730,2024-11-27,168.84181213378906,169.09123867813173,167.6345961844918,168.61234397565445,19266500
731,2024-11-29,168.5624542236328,169.0413489221372,166.7765668794217,168.1134894922982,14257200
732,2024-12-02,171.0966339111328,171.6852768885628,168.18333376692627,168.38287195306333,23789100
733,2024-12-03,170.9469757080078,172.28389835489799,170.45810941593857,171.0966407714524,22248700
734,2024-12-04,173.9700164794922,174.50878632573773,170.6676115592613,170.75740145903967,31615100
735,2024-12-05,172.24400329589844,175.65615678272883,171.93471679976247,174.95776546503646,21356200
736,2024-12-06,174.30926513671875,174.6784115765489,171.4657962428472,171.6354044780067,21462400
737,2024-12-09,175.1682586669922,176.05723424799297,173.45023604553785,173.75989224042516,25389600
738,2024-12-10,184.9569854736328,186.14561898038454,180.8417298459591,182.6396622409938,54813000
739,2024-12-11,195.1752166748047,195.3849818086967,184.637364997593,185.0968273042346,67894100
740,2024-12-12,191.7391815185547,194.9554633024938,191.48946911126617,194.77567768503926,34817500
741,2024-12-13,189.6016387939453,192.50827955283287,189.42183794011777,190.7902570178538,25143500
742,2024-12-16,196.43377685546875,198.77108139081074,192.39841571324646,192.648128127054,44934900
743,2024-12-17,195.1951904296875,201.18828813489583,194.7556941593745,197.02308705872431,43504000
744,2024-12-18,188.18325805664062,196.77337069091053,187.52402890568504,194.99541962680925,34166100
745,2024-12-19,188.2931365966797,192.8079411518366,188.16329650997008,191.40955777871685,32265200
746,2024-12-20,191.18980407714844,192.66809720587494,185.00692266360085,185.56627599656574,63462900
747,2024-12-23,194.40611267089844,194.87557322669755,189.93125525567427,192.3984151157297,25675000
748,2024-12-24,195.8843994140625,195.8843994140625,193.55707797257898,194.61585613024195,10403300
749,2024-12-26,195.375,196.52367101490134,194.1564021929594,194.92550545907343,12046600
750,2024-12-27,192.5382537841797,195.09532170060632,190.43068040496257,194.72573696465102,18891400
751,2024-12-30,191.02000427246094,192.32849481864238,188.90243274221342,189.58165840021294,14264700
752,2024-12-31,189.08224487304688,191.73918864322025,188.29314510160168,190.8601960597075,17466900
753,2025-01-02,189.2120819091797,191.7791328258186,187.2843094002135,190.43067970164262,20370800
754,2025-01-03,191.56936645507812,192.9877463613902,189.76145103861666,191.14985143368122,18596200
755,2025-01-06,196.64352416992188,197.99197728329852,193.6270092243641,193.75684931380115,29563600
756,2025-01-07,195.26512145996094,200.7687774852745,194.37614589069548,196.8832529983184,26487200
757,2025-01-08,193.7268829345703,196.06418741382137,192.1586969389352,192.3484808074723,24864800
758,2025-01-10,191.81907653808594,196.29393386115163,190.09107094303815,194.07648645979594,26665200
759,2025-01-13,190.79026794433594,190.96007055747594,187.14447278422705,189.8513620671916,21823700
760,2025-01-14,189.4418182373047,191.75914137705388,188.0933651847724,191.02000242961614,17174900
761,2025-01-15,195.32504272460938,196.1341084636535,191.6392852545324,192.8678659974796,21776000
762,2025-01-16,192.68807983398438,195.2551153784116,192.58818877757312,193.91666057341888,17815400
763,2025-01-17,195.77452087402344,197.00310160992169,193.52710928235737,196.3039099407615,27735100
764,2025-01-21,197.82217407226562,202.05728678766425,197.6423732117847,198.84100497169504,29971300
765,2025-01-22,198.1417999267578,200.24937329507208,197.30276987978317,198.83100862292844,26200600
766,2025-01-23,197.7522430419922,200.06958147081755,194.97544232412307,197.91206263871854,26951400
767,2025-01-24,199.9796905517578,200.66888399183227,197.77222616967978,197.87211722888603,23877500
768,2025-01-27,191.58934020996094,196.65351502081776,190.5105808080997,192.18865606918456,41728900
769,2025-01-28,195.07533264160156,195.2551182563093,190.4606370613745,192.52826307792662,24157900
770,2025-01-29,195.18521118164062,196.5636133163606,193.20747792712066,195.33503253066368,18218300
771,2025-01-30,200.638916015625,201.16830508891937,197.44260031613962,197.7722225159478,24354700
772,2025-01-31,203.78530883789062,205.24362078448016,201.56786140671954,201.76762828746982,32042000
773,2025-02-03,200.99850463867188,203.5156099470352,199.8698149328218,200.45913255035472,27838300
774,2025-02-04,206.14259338378906,206.81182081300247,202.57669285659674,203.15602747619252,43856400
775,2025-02-05,191.1099090576172,192.52827375908595,187.81370210065404,190.85021363044225,70373900
776,2025-02-06,191.3795928955078,191.87901770448227,188.50290111861952,189.28200260132084,29297400
777,2025-02-07,185.1267852783203,190.9600634127379,183.02921021692137,190.83022332592188,49315000
778,2025-02-10,186.2554931640625,187.98349876976383,185.64619427540677,187.1344857224474,23105600
779,2025-02-11,185.10682678222656,186.72495835838524,184.06801459806726,184.81715184499055,21239500
780,2025-02-12,183.39878845214844,184.8970629566076,181.62083725948915,183.0092376906385,22072600
781,2025-02-13,185.92587280273438,186.06571114375504,182.9293238598035,184.10797436946572,21402500
782,2025-02-14,185.01690673828125,186.1855589387927,184.1079651875959,184.8471041355986,20448400
783,2025-02-18,183.55859375,185.74607679460826,181.5309302979739,185.386490331916,29916700
784,2025-02-19,185.05686950683594,185.246653369277,183.3787942547783,183.8582530360721,19549400
785,2025-02-20,184.34768676757812,185.09682399614678,182.5098070913863,184.58741616756504,20441500
786,2025-02-21,179.4533233642578,185.12678179449694,178.87398876546825,184.93699793129608,35199200
787,2025-02-24,179.04379272460938,182.90933584096624,178.68420625509464,181.78064614487357,29854200
788,2025-02-25,175.21820068359375,178.53438877889693,174.48904471950055,177.8351818432405,41913400
789,2025-02-26,172.5312957763672,175.87744820035027,171.38262477536554,174.8686155406987,35431300
790,2025-02-27,168.30616760253906,174.3591940996765,167.746814231894,173.78985771928288,39991000
791,2025-02-28,170.0841064453125,170.41372863795183,166.5781498819881,168.48594100971005,48130600
792,2025-03-03,166.81787109375,173.17055534541237,165.73911166521458,171.7322094406985,40770500
793,2025-03-04,170.72337341308594,173.09064211021553,165.60926829005186,166.04876455679425,45388000
794,2025-03-05,172.8209686279297,173.58008886593674,168.86551735545183,170.32384453302183,30954900
795,2025-03-06,172.1517333984375,174.60889486138916,170.30385555544734,170.33381982392953,28302000
796,2025-03-07,173.66000366210938,174.76872740179581,170.07413701655315,171.06298843219486,27385800
797,2025-03-10,165.8699951171875,168.4600067138672,163.69000244140625,168.25999450683594,43604000
798,2025-03-11,164.0399932861328,166.75,161.3699951171875,164.91000366210938,39587400
799,2025-03-12,167.11000061035156,167.63999938964844,163.52999877929688,166.5800018310547,28372400
800,2025-03-13,162.75999450683594,166.1300048828125,162.11000061035156,166.0399932861328,31756200
801,2025-03-14,165.49000549316406,166.49000549316406,162.4499969482422,163.27000427246094,31995900
802,2025-03-17,164.2899932861328,166.3000030517578,163.6699981689453,165.02999877929688,31184300
803,2025-03-18,160.6699981689453,164.25,156.72000122070312,163.67999267578125,42074800
804,2025-03-19,163.88999938964844,165.8699951171875,161.0,161.75999450683594,34275600
805,2025-03-20,162.8000030517578,164.88999938964844,160.9600067138672,161.57000732421875,28138500
806,2025-03-21,163.99000549316406,164.24000549316406,160.88999938964844,161.2100067138672,36625800
807,2025-03-24,167.67999267578125,168.32000732421875,165.13999938964844,167.07000732421875,30879100
808,2025-03-25,170.55999755859375,170.6300048828125,168.32000732421875,168.97999572753906,24174400
809,2025-03-26,165.05999755859375,169.61000061035156,164.83999633789062,169.0,28901600
810,2025-03-27,162.24000549316406,165.4199981689453,162.0,164.6300048828125,24508300
811,2025-03-28,154.3300018310547,161.82000732421875,153.6300048828125,160.49000549316406,48669300
812,2025-03-31,154.63999938964844,155.5399932861328,150.66000366210938,153.11000061035156,54603500
813,2025-04-01,157.07000732421875,158.10000610351562,153.6199951171875,153.6199951171875,30672900
814,2025-04-02,157.0399932861328,158.41000366210938,154.6999969482422,155.14999389648438,25041700
815,2025-04-03,150.72000122070312,152.77999877929688,150.38999938964844,151.11000061035156,46883400
816,2025-04-04,145.60000610351562,151.07000732421875,145.3800048828125,148.00999450683594,62259500
817,2025-04-07,146.75,152.85000610351562,140.52999877929688,141.5500030517578,76794100
818,2025-04-08,144.6999969482422,152.24000549316406,143.02999877929688,151.22000122070312,52200200
819,2025-04-09,158.7100067138672,159.5500030517578,143.91000366210938,144.4199981689453,70406200
820,2025-04-10,152.82000732421875,157.72000122070312,149.92999267578125,156.5399932861328,48022000
821,2025-04-11,157.13999938964844,157.6699981689453,152.82000732421875,152.89999389648438,33636200
822,2025-04-14,159.07000732421875,161.72000122070312,157.55999755859375,160.0,30333000
823,2025-04-15,156.30999755859375,159.64999389648438,155.2100067138672,159.1300048828125,27551500
824,2025-04-16,153.3300018310547,155.88999938964844,151.50999450683594,153.10000610351562,28187400
825,2025-04-17,151.16000366210938,154.67999267578125,148.5,154.2899932861328,32938500
826,2025-04-21,147.6699981689453,148.9499969482422,146.10000610351562,148.8800048828125,26049100
827,2025-04-22,151.47000122070312,152.19000244140625,148.5399932861328,148.88999938964844,26971800
828,2025-04-23,155.35000610351562,157.52999877929688,153.80999755859375,155.61000061035156,31128800
829,2025-04-24,159.27999877929688,159.58999633789062,155.7899932861328,156.14999389648438,45894000
830,2025-04-25,161.9600067138672,166.10000610351562,161.0399932861328,165.07000732421875,56034000
831,2025-04-28,160.61000061035156,163.14999389648438,158.60000610351562,162.42999267578125,29745800
832,2025-04-29,160.16000366210938,160.74000549316406,157.52000427246094,160.32000732421875,26809000
833,2025-04-30,158.8000030517578,159.27000427246094,155.39999389648438,157.97999572753906,34981100
834,2025-05-01,161.3000030517578,161.9499969482422,158.91000366210938,160.4499969482422,30203200
835,2025-05-02,164.02999877929688,164.97000122070312,161.8699951171875,163.41000366210938,25715000
836,2025-05-05,164.2100067138672,165.38999938964844,162.72000122070312,163.0,21341800
837,2025-05-06,163.22999572753906,164.8000030517578,161.19000244140625,162.1699981689453,21277200
838,2025-05-07,151.3800048828125,165.0,147.83999633789062,164.0800018310547,127490100
839,2025-05-08,154.27999877929688,155.92999267578125,152.89999389648438,155.0,57498700
840,2025-05-09,152.75,155.0500030517578,152.1999969482422,154.1699981689453,32435300
841,2025-05-12,158.4600067138672,159.10000610351562,156.25,157.49000549316406,44138800
842,2025-05-13,159.52999877929688,160.57000732421875,156.16000366210938,158.7899932861328,42382100
843,2025-05-14,165.3699951171875,167.0,159.61000061035156,159.9600067138672,48755900
844,2025-05-15,163.9600067138672,166.2100067138672,162.3699951171875,165.83999633789062,33146700
845,2025-05-16,166.19000244140625,169.35000610351562,165.6199951171875,167.72999572753906,42846900
846,2025-05-19,166.5399932861328,166.63999938964844,164.22000122070312,164.50999450683594,30426100
847,2025-05-20,163.97999572753906,168.5,162.89999389648438,166.42999267578125,46607700
848,2025-05-21,168.55999755859375,173.13999938964844,163.55999755859375,163.69000244140625,73416000
849,2025-05-22,170.8699951171875,176.77000427246094,170.7100067138672,171.85000610351562,74864400
850,2025-05-23,168.47000122070312,169.9600067138672,167.88999938964844,169.05999755859375,35211400
851,2025-05-27,172.89999389648438,173.1699981689453,170.0,170.16000366210938,37995700
852,2025-05-28,172.36000061035156,175.27000427246094,171.91000366210938,173.16000366210938,34784000
853,2025-05-29,171.86000061035156,174.4199981689453,170.6300048828125,174.0,29373800
854,2025-05-30,171.74000549316406,172.2100067138672,167.44000244140625,171.35000610351562,52605000
