,Date_,Close_MSFT,High_MSFT,Low_MSFT,Open_MSFT,Volume_MSFT
0,2022-01-03,325.0380859375,328.19379550970876,320.2122765756348,325.6206844003455,28865100
1,2022-01-04,319.464599609375,325.4750144685873,316.65843157459085,325.1157242107018,32674300
2,2022-01-05,307.2010192871094,316.6098902048438,306.8126302270797,316.4059615017749,40054300
3,2022-01-06,304.7735900878906,309.4537573925921,302.4529155197897,304.06475847821264,39646100
4,2022-01-07,304.9289245605469,307.31754552734895,301.0935120604903,305.0357189627148,32720000
5,2022-01-10,305.1522216796875,305.5891778942772,295.8501747506654,300.5109027560878,44289500
6,2022-01-11,305.8416442871094,307.42432897382355,300.899321615518,304.2880584070521,29386800
7,2022-01-12,309.0361633300781,314.0270530188489,307.88068590041127,310.3955694582875,34372200
8,2022-01-13,295.9569396972656,311.5704332628309,295.1801616510571,311.17232488368956,45366000
9,2022-01-14,301.2003479003906,301.80235543631807,294.9374663908213,295.4229601626581,39846400
10,2022-01-18,293.8693542480469,300.8119087883123,292.9857520873315,295.2481695047707,42333200
11,2022-01-19,294.5295715332031,304.80263400058055,293.9178744109828,297.4037153433391,45933900
12,2022-01-20,292.849853515625,302.60826662386137,292.4032075358108,300.10313176155984,35380700
13,2022-01-21,287.44140625,295.28697160618094,287.033578493321,293.9081860566442,57984400
14,2022-01-24,287.7715148925781,288.4900360460694,268.04104491701077,283.7225142551913,85731500
15,2022-01-25,280.12017822265625,286.4315970589494,276.8965221990427,283.0622692025946,72848600
16,2022-01-26,288.1016845703125,299.5496351641995,284.5284577844545,299.05442207109365,90428900
17,2022-01-27,291.1408996582031,298.38445839019573,289.28630990590625,293.8790916253967,53481300
18,2022-01-28,299.3166198730469,299.5302383109327,285.907284705517,291.519591338495,49743700
19,2022-01-31,301.95770263671875,303.31707920676604,297.4814348645573,299.98659920210355,46444500
20,2022-02-01,299.8021545410156,301.61789669473416,296.27746465100137,301.4042782276972,40950400
21,2022-02-02,304.36578369140625,305.9776267633184,299.9186732455313,300.6469139907343,36636000
22,2022-02-03,292.5099792480469,302.20044499578506,291.25739709798916,300.51090662551127,43730000
23,2022-02-04,297.0638427734375,299.8408520956284,291.2670476834465,291.50007514204174,35096500
24,2022-02-07,292.2187194824219,298.908808395224,291.1991647600581,297.2872757560172,28533300
25,2022-02-08,295.72393798828125,296.694925446775,291.2477000280742,292.5099718712418,32421200
26,2022-02-09,302.1810302734375,302.88014250197796,298.47188031442045,300.8799104988018,31284700
27,2022-02-10,293.607177734375,300.1516233945271,291.97592599753574,295.21902039060336,45386200
28,2022-02-11,286.4801940917969,295.4618295263202,285.68397713614587,294.3937372238847,39175600
29,2022-02-14,286.4412841796875,288.1502314930245,282.89718608152816,285.2469590051826,36359500
30,2022-02-15,291.75262451171875,292.07303735866185,288.40270567819266,291.3059785446445,27058300
31,2022-02-16,291.41204833984375,292.7450469485756,285.7492094226368,290.3125590659392,29982100
32,2022-02-17,282.87890625,288.7849645691947,282.1686090616829,288.3568443041073,32461600
33,2022-02-18,280.1545104980469,285.92436510715385,278.5782629704892,285.13624134337505,34264000
34,2022-02-22,279.9502258300781,283.6670752272365,276.8171795869096,277.3036772663242,41736100
35,2022-02-23,272.70135498046875,283.8227127228963,272.5359624242188,282.34374100984417,37811200
36,2022-02-24,286.63470458984375,287.1893190812472,264.18769411268437,265.1509797276121,56989700
37,2022-02-25,289.2811584472656,289.5925239923929,283.77400285332004,287.1697757987993,32546700
38,2022-02-28,290.7212219238281,291.06177615651615,285.0875718318237,286.36219307102203,34627500
39,2022-03-01,286.9849548339844,291.86938019669464,284.26055037516176,288.39578010076116,31217800
40,2022-03-02,292.0834655761719,293.3288983898888,285.768735492575,287.3838815829672,31873000
41,2022-03-03,287.9287109375,294.94399699904244,286.1091852345869,294.7104876867767,27314500
42,2022-03-04,282.03240966796875,287.6758003493623,279.41507957083144,286.34280150971523,32356500
43,2022-03-07,271.378173828125,281.8670639510447,271.0084307934924,280.73838562712723,43157200
44,2022-03-08,268.40069580078125,276.2916715598199,262.70866870677713,270.2980183698139,48159500
45,2022-03-09,280.7090759277344,281.7793764366867,273.1975528468867,275.78572328000666,35204500
46,2022-03-10,277.877685546875,278.8604201652107,273.0029702694113,275.37708084695583,30628000
47,2022-03-11,272.5067443847656,281.6918204908047,271.88401326881876,280.1836602719386,27209300
48,2022-03-14,268.97479248046875,277.69282106161535,268.3715402141121,272.7694677796933,30660700
49,2022-03-15,279.3955383300781,280.04745811524,271.2029361781825,272.77918349658523,34245100
50,2022-03-16,286.44012451171875,286.615256553896,275.5523038210931,281.3026803934849,37826300
51,2022-03-17,287.24761962890625,287.6270722839405,281.5555922557569,285.36974617952256,30816600
52,2022-03-18,292.3169250488281,292.87153940935485,284.82488022884814,287.3935719777553,43390600
53,2022-03-21,291.08123779296875,292.03478374650234,286.93626887864554,290.8185397874597,28351200
54,2022-03-22,295.84893798828125,296.76355591312955,290.70178472073417,291.70396865624343,27599700
55,2022-03-23,291.40234375,295.04136624934927,289.6801528126932,292.3948179286676,25715400
56,2022-03-24,295.8879089355469,295.98521441485013,290.26399667599236,291.0618600354305,24484500
57,2022-03-25,295.4791564941406,297.25001477240545,291.2077232772877,296.9873167746891,22566500
58,2022-03-28,302.30963134765625,302.4069071163755,296.1116267591082,296.1116267591082,29578200
59,2022-03-29,306.8924560546875,307.2913876972963,300.7041904069108,305.43296308129663,30393400
60,2022-03-30,305.38421630859375,307.41780212109006,303.1657887520506,305.2869405570279,28163600
61,2022-03-31,299.984130859375,306.6297043298301,299.5754895267012,305.42317015815905,33422100
62,2022-04-01,301.0641784667969,301.7549967231003,297.2889524574944,301.0155108922393,27110500
63,2022-04-04,306.4643249511719,306.6005288499604,301.3463602694202,301.71610322728264,24289600
64,2022-04-05,302.4847717285156,306.3670133210519,301.5020370122259,304.8102149635358,23156700
65,2022-04-06,291.41204833984375,298.709511987753,288.69738354865393,296.9483931362007,40110400
66,2022-04-07,293.2315979003906,295.45002606542477,288.3471720326163,288.6487982094901,31411200
67,2022-04-08,288.950439453125,292.9883643451607,288.27907026482814,292.3267346125808,24361900
68,2022-04-11,277.5566101074219,284.7081008112232,277.303621862764,283.9102673434165,34569300
69,2022-04-12,274.44305419921875,282.8886463462349,272.9154444392271,281.42915338423376,30966700
70,2022-04-13,279.8529052734375,280.7869724534047,273.7035678106113,275.09497366578125,21907200
71,2022-04-14,272.2732238769531,280.5242335633767,271.7770165344988,280.31017343940124,28221600
72,2022-04-18,272.9446105957031,274.8322237129934,270.823488125662,271.3781025319031,20778000
73,2022-04-19,277.5954895019531,278.44202017947026,270.89156871926275,271.8353751517887,22297700
74,2022-04-20,278.62689208984375,281.8767221982416,277.66363634073986,281.58480582125515,22906700
75,2022-04-21,273.2267761230469,285.3794765084188,272.4970297326979,280.78693803741777,29454600
76,2022-04-22,266.6298522949219,275.55223063550807,265.99741140383605,274.0732590451422,29405800
77,2022-04-25,273.13922119140625,273.5186738891718,263.4579068096184,265.9098737843962,35678900
78,2022-04-26,262.92279052734375,270.84295680987526,262.7087303741153,270.00619510672965,46518400
79,2022-04-27,275.5716857910156,283.1123981548155,271.62132788300465,274.4819359810064,63477700
80,2022-04-28,281.8086242675781,283.12217381828333,273.8592398616046,277.4885229014795,33646600
81,2022-04-29,270.025634765625,282.0518716599104,269.0331902867621,280.8161486717777,37073900
82,2022-05-02,276.7879638671875,277.2452728288892,268.7607529412359,270.21050638231907,35151100
83,2022-05-03,274.1705627441406,276.45710720664414,272.58457595326684,276.29168497171645,25978600
84,2022-05-04,282.1491394042969,283.0248290854527,269.256953889885,274.9586911173627,33599300
85,2022-05-05,269.8602294921875,278.6171864490343,266.93150438582455,277.8290626983947,43260400
86,2022-05-06,267.31097412109375,271.70890160605785,263.9443894488529,267.3888006696829,37780300
87,2022-05-09,257.43505859375,265.0049601103205,256.20910482547714,262.7670830134219,47726000
88,2022-05-10,262.2222595214844,266.3574899592072,257.91189703871265,264.35312181663505,39336400
89,2022-05-11,253.51393127441406,264.0320088278219,252.297687064321,258.50540226358993,48975900
90,2022-05-12,248.45431518554688,252.86198198640574,243.268249302566,250.7311202522036,51033800
91,2022-05-13,254.06851196289062,255.93667588620227,248.45434012557908,250.40033060286038,34925100
92,2022-05-16,254.43826293945312,258.6416096295485,248.8727288109359,252.9398419104595,32550900
93,2022-05-17,259.6146240234375,261.08382679685826,255.37234889589155,258.92377595200503,28828800
94,2022-05-18,247.79441833496094,257.07891103112115,246.5168282817784,256.4937482385101,31356000
95,2022-05-19,246.87765502929688,251.29560259060267,245.64883109808304,247.61884829047722,32692300
96,2022-05-20,246.31201171875,252.1440854849092,240.3434168359691,250.87622783351006,39199300
97,2022-05-23,254.2018585205078,255.03083659964506,247.16047056040694,249.16952139108813,33175400
98,2022-05-24,253.19737243652344,254.8650611795236,247.2287771351608,251.51018917910025,29043900
99,2022-05-25,256.025634765625,258.03467104715224,250.7689908290444,251.7540144546174,28547900
100,2022-05-26,259.32196044921875,260.5020182283092,254.96254147076476,255.78175734933586,25002100
101,2022-05-27,266.48040771484375,266.57793980454977,260.9409302658759,261.8381838235103,26910800
102,2022-05-31,265.1443176269531,267.9725697938546,262.27704666969936,265.7879937359914,37827700
103,2022-06-01,265.68072509765625,270.8203419884705,263.35959819128334,268.3919506135823,25292200
104,2022-06-02,267.7872009277344,267.85547635316146,255.12832989632938,257.90783020374363,44008200
105,2022-06-03,263.340087890625,266.685257307547,261.7699312309948,263.62292204667295,28059000
106,2022-06-06,262.1015625,267.39722599650537,260.60941339980724,265.3296761073623,22400300
107,2022-06-07,265.75872802734375,266.3731474633337,259.3610157079516,260.04371058407725,22860700
108,2022-06-08,263.7204284667969,266.24635182283305,262.94020151963724,264.9882563323359,17372300
109,2022-06-09,258.2394714355469,265.96352496663144,258.08342604184816,261.155493463589,26439700
110,2022-06-10,246.7313995361328,254.13361548711075,246.28277272145993,254.13361548711075,31422800
111,2022-06-13,236.266845703125,242.85962296912743,235.55490897467953,239.04634693147696,46135800
112,2022-06-14,238.44166564941406,239.66074240251308,235.53537595548423,237.8272462038336,28651500
113,2022-06-15,245.5318145751953,248.98424840348872,240.32392206139252,242.16716558622423,33111700
114,2022-06-16,238.90977478027344,241.2991621183155,237.00801811861984,239.89478338930752,33169200
115,2022-06-17,241.52346801757812,244.30296882499619,237.99302668320328,238.64645000368492,43084800
116,2022-06-21,247.46282958984375,248.44783823302578,243.33746321003935,244.06890924997958,29928300
117,2022-06-22,246.86793518066406,250.807999765496,244.17620405920437,245.65860562744965,25939900
118,2022-06-23,252.45616149902344,252.95355435633138,247.35556322748175,249.24757279779442,25861400
119,2022-06-24,261.0775451660156,261.35061722658685,255.24547001777495,255.333239991249,33923200
120,2022-06-27,258.3370361328125,261.6626516967659,256.7668496223372,261.57488173222293,24615100
121,2022-06-28,250.1350555419922,260.3070248398186,249.97901014588223,257.4495160699315,27295500
122,2022-06-29,253.82154846191406,255.48923716820218,249.43285716002453,251.21758735681786,20069800
123,2022-06-30,250.47634887695312,253.10956631610952,246.6435790758852,250.69090755542226,31730900
124,2022-07-01,253.1583251953125,253.34362723066812,248.31129003294606,250.04726890657363,22837700
125,2022-07-05,256.34747314453125,256.4742618926065,248.43810234221337,249.8229717887662,22941000
126,2022-07-06,259.62432861328125,261.36029271245513,255.90858506525944,257.225193906022,23824400
127,2022-07-07,261.76019287109375,262.4038690626663,258.46380408514074,258.5613361922191,20859900
128,2022-07-08,261.0384216308594,261.4675389485271,256.77653486287875,258.2394266923976,19658800
129,2022-07-11,257.9664306640625,259.936448193075,255.69405468636,259.0782133051506,19455200
130,2022-07-12,247.39454650878906,259.36100751938403,245.80486573573233,259.30249421900527,35868500
131,2022-07-13,246.46807861328125,247.27754741494883,241.9721226645982,244.00066829745631,29497400
132,2022-07-14,247.79441833496094,248.8281930381069,239.85579113302134,244.37125617771787,25102800
133,2022-07-15,250.36907958984375,253.92877734625543,248.46732305037304,249.39381829972478,29774100
134,2022-07-18,247.960205078125,254.38717398041587,247.03370974632665,253.3241426511031,20975000
135,2022-07-19,253.10960388183594,253.29490593904364,247.40431842531214,251.20783214212213,25012600
136,2022-07-20,255.78175354003906,258.3174387050595,252.5048900745562,253.47038917374115,22788300
137,2022-07-21,258.2881774902344,258.336958408717,250.67138975610862,253.36312024272672,22404700
138,2022-07-22,253.91900634765625,258.7660559808921,252.6609407563898,258.678286039358,21881300
139,2022-07-25,252.42689514160156,255.03085617592782,250.45687782755678,254.54322547578266,21056000
140,2022-07-26,245.6683349609375,253.45093146543303,243.39598904764202,253.4314071898155,39348000
141,2022-07-27,262.09173583984375,263.3693258768842,252.44641619082233,254.69926761568703,45994000
142,2022-07-28,269.57196044921875,270.96657686661007,261.24322120242266,263.07671707883594,33459300
143,2022-07-29,273.794921875,275.02376096932716,269.7866111341647,270.8301481503752,32152800
144,2022-08-01,271.1324768066406,274.32157140490636,269.01614611818337,270.9471747285564,21539600
145,2022-08-02,268.0213623046875,271.01542213800866,265.64172195484593,269.1721636875698,22754200
146,2022-08-03,275.4820251464844,276.48654296569663,269.7669791874621,269.9132921737217,23518900
147,2022-08-04,276.6329040527344,276.779187317559,273.2390132583336,274.8286644195843,18098700
148,2022-08-05,275.91119384765625,276.6328777271908,271.7858275964847,272.24420162439264,16774600
149,2022-08-08,273.38531494140625,278.8467853762037,272.41005342671457,277.02302134312987,18739200
150,2022-08-09,275.3163146972656,276.07701749099675,270.74233579565794,272.72214524982263,23405200
151,2022-08-10,282.006591796875,282.64050575840105,279.84151028454056,281.04109252874485,24687800
152,2022-08-11,279.9195861816406,284.0059348486062,279.4222229820772,283.65485494303203,20065900
153,2022-08-12,284.6885986328125,284.6885986328125,279.8415476068973,281.34345870633274,22619700
154,2022-08-15,286.2099609375,286.9023881899572,282.93306719484826,283.80106411686256,18085700
155,2022-08-16,285.4687805175781,286.7658949577714,283.23545314932466,284.76659105891446,18102900
156,2022-08-17,284.7162170410156,286.70019877418935,282.90814781798576,283.1720165832015,18253400
157,2022-08-18,283.5923156738281,285.29286306667285,282.5269980125115,283.61185156800366,17186200
158,2022-08-19,279.66339111328125,282.6931246022663,279.0867691313895,282.3510526263538,20570000
159,2022-08-22,271.453857421875,276.0570810002909,270.93587285636994,275.6856902126092,25061100
160,2022-08-23,270.17352294921875,272.53864848293165,269.15708983535205,270.17352294921875,17527400
161,2022-08-24,269.5382385253906,270.9455981450401,268.8736304974872,269.1668478166237,18137000
162,2022-08-25,272.52886962890625,272.6949992661562,268.2970079213942,271.0433067972825,16583400
163,2022-08-26,262.0128173828125,273.98512913178996,261.905325226345,272.7536818076415,27549300
164,2022-08-29,259.2176513671875,261.3384440760738,257.8689290892386,259.823592141155,20338500
165,2022-08-30,257.00885009765625,260.99634925149246,254.75121685619646,260.6249883577702,22767100
166,2022-08-31,255.54286193847656,261.054995947574,255.40602121560974,259.3740144434821,24791800
167,2022-09-01,254.49708557128906,254.97599822937116,249.62021152580633,253.0017697518368,23263400
168,2022-09-02,250.2554931640625,258.73872314316543,248.70153970994355,255.7676569567466,22855400
169,2022-09-06,247.50921630859375,251.98538170723285,246.22891435758206,250.39235632621703,21328200
170,2022-09-07,252.23948669433594,252.9627024699416,247.4798869965814,248.92633346068814,24126700
171,2022-09-08,252.6597137451172,254.52642037914524,249.0142716406744,251.6726292698562,20319900
172,2022-09-09,258.4650573730469,259.2176216502665,254.38960207945766,254.59483332515947,22084700
173,2022-09-12,260.60540771484375,261.3872907179251,259.1491934961734,259.75513418244464,18747700
174,2022-09-13,246.2777862548828,254.49713337678742,245.88684468142785,252.97249852255345,33353300
175,2022-09-14,246.50254821777344,248.46697913300935,244.1960453177988,247.78285007642683,23913000
176,2022-09-15,239.8175811767578,245.7011054054696,238.4884098902498,244.10806538102588,31530900
177,2022-09-16,239.19212341308594,239.739426682432,236.57286716463537,238.72299354259306,39791800
178,2022-09-19,238.9770965576172,239.58303730028243,235.3902918321884,236.97356405032403,26826900
179,2022-09-20,236.95401000976562,237.9899789735556,234.20771098725592,236.58263419492624,26660300
180,2022-09-21,233.53335571289062,242.04591952184435,233.4844861559874,238.73276637917772,28625600
181,2022-09-22,235.517333984375,238.33205339630862,232.18464499812544,232.47783250945622,31061200
182,2022-09-23,232.5266876220703,235.66392801449047,229.8683449899013,234.10995973648943,34176000
183,2022-09-26,232.06736755371094,235.9766936524482,231.52983223255546,231.67644090899546,27694200
184,2022-09-27,231.05093383789062,236.31874980621944,229.1842271718102,234.53999939236823,27018700
185,2022-09-28,235.60533142089844,236.83676384447796,229.40903786274086,231.44188934103624,29029700
186,2022-09-29,232.1162109375,234.51066992038176,229.09626044587085,233.47470100710265,27484200
187,2022-09-30,227.62051391601562,235.0873264233734,227.45436934068638,232.88833041765147,35694800
188,2022-10-03,235.28280639648438,236.13308008615962,229.34062868997546,230.07362736394273,28880400
189,2022-10-04,243.23828125,244.6847277702556,239.42667925234394,239.5341863194985,34888400
190,2022-10-05,243.55099487304688,244.8997170490285,238.56661341523102,240.4137692631259,20347100
191,2022-10-06,241.1956329345703,244.66516272217248,240.50173592478694,242.3097902416394,20239900
192,2022-10-07,228.9301300048828,235.84963863538212,227.88437816875282,235.43914629265618,37769600
193,2022-10-10,224.05323791503906,229.24286559802218,221.59035845242354,227.76710045738744,29743600
194,2022-10-11,220.30029296875,223.86754691341076,219.02975905938624,222.46018719306292,30474000
195,2022-10-12,220.632568359375,222.69473825484218,218.88315167691422,220.29049639676103,21903900
196,2022-10-13,228.9301300048828,230.74796714436056,214.16265082548793,214.86633068031122,42551800
197,2022-10-14,223.3788604736328,231.86210470725837,223.16384637445358,230.20062941125624,30198600
198,2022-10-17,232.14556884765625,233.54316076081892,229.8097469695489,230.47434019820642,28142300
199,2022-10-18,233.0935516357422,238.40045426951124,230.03449941447604,237.7261080934971,26329600
200,2022-10-19,231.1193389892578,234.17839122462001,228.97898071038742,231.6666422196203,19985700
201,2022-10-20,230.7968292236328,235.83986337471225,229.54584608873026,230.42545339204614,21811000
202,2022-10-21,236.63150024414062,237.49155674439498,229.18423891588736,229.41880384674636,26299700
203,2022-10-24,241.6452178955078,242.22183991219995,235.8300983443022,238.23432552805727,24911200
204,2022-10-25,244.97789001464844,245.34926580241154,240.25737760719755,241.65495433795323,34775500
205,2022-10-26,226.07632446289062,232.89809399809977,224.84487725737247,225.9297157935745,82543200
206,2022-10-27,221.6099090576172,228.39259179146362,220.6618963462355,225.80265446885284,40424600
207,2022-10-28,230.523193359375,231.2366561449751,220.92580506688836,221.1115004518282,40647700
208,2022-10-31,226.86793518066406,229.59468313516658,225.91013970293224,228.4609751694186,28357300
209,2022-11-01,222.99771118164062,230.39611728444083,222.1767563573702,229.28196004781836,30592300
210,2022-11-02,215.1106719970703,226.0567819611401,215.05201957945258,224.2584955561427,38407000
211,2022-11-03,209.3932647705078,215.4136301278351,209.1293811013709,215.100876903244,36633900
212,2022-11-04,216.3714141845703,216.5668774965675,208.5918490987652,212.6184649078027,36789100
213,2022-11-07,222.7045135498047,223.23228088594615,216.2639028499617,216.95781474366044,33498000
214,2022-11-08,223.68186950683594,226.3988500523262,220.72055607119086,223.51572493107818,28192500
215,2022-11-09,219.4207000732422,223.4473161844384,219.2447875531126,222.21586889194765,27852900
216,2022-11-10,237.4720001220703,237.81407210708258,229.67289904500376,230.09314442549228,46268000
217,2022-11-11,241.50839233398438,242.36844884310648,236.44580730923667,237.4817912465408,34620200
218,2022-11-14,236.07443237304688,238.38093536393862,233.7874801882267,236.50446062924806,31123300
219,2022-11-15,236.4849090576172,241.40088540956577,234.58888352299294,240.09126475202578,31390100
220,2022-11-16,236.9161376953125,238.94492249208088,235.63222768224927,237.95502625687746,24093300
221,2022-11-17,236.86715698242188,238.40589904878797,232.8978209868645,233.04482789228356,23123500
222,2022-11-18,236.41627502441406,238.8860951891015,234.26988493706006,238.6606647093436,27613500
223,2022-11-21,237.22975158691406,239.7975713884962,236.38687726926875,236.62208827098848,26394700
224,2022-11-22,240.15042114257812,240.42484396877305,235.91645828491195,238.7390952050486,19665700
225,2022-11-23,242.64962768554688,243.3356847079872,239.40554630056928,240.2288147274977,19508500
226,2022-11-25,242.56141662597656,243.74731195481718,241.81654191868392,242.38499342243637,9200800
227,2022-11-28,236.94552612304688,241.7381448542194,236.00465217547287,241.17950375189517,24778200
228,2022-11-29,235.5440216064453,237.95502429454882,233.46624450045002,236.59270563364998,17956300
229,2022-11-30,250.05906677246094,250.24528544964286,235.0833583607036,235.7792257930801,47594200
230,2022-12-01,249.61805725097656,251.0195727804044,245.92312956124096,248.81437970870576,26041500
231,2022-12-02,249.94146728515625,250.96074986514174,244.71760854479217,244.8450244753859,21528500
232,2022-12-05,245.2174835205078,248.76540456584152,243.1201003411884,246.99143656571283,23435300
233,2022-12-06,240.23861694335938,246.84440035606815,238.925305612841,245.82511774482512,22463700
234,2022-12-07,239.5035858154297,241.25794794545902,237.38661164408398,239.9544319081242,20481500
235,2022-12-08,242.4732208251953,243.78654716232523,238.21965204435614,239.9642035711505,22611800
236,2022-12-09,240.53265380859375,243.3651011555244,239.29775109172195,239.82699084040345,20609700
237,2022-12-12,247.48146057128906,247.51086194896618,242.24780597584402,242.52222880411227,30665100
238,2022-12-13,251.8036346435547,258.6642346372592,248.03029866504872,256.4786327288644,42196900
239,2022-12-14,252.0977020263672,257.36075864137047,249.24564840446928,252.00949788257842,35410900
240,2022-12-15,244.05116271972656,249.1378104779901,242.41442120789245,248.66737347549784,35560400
241,2022-12-16,239.81716918945312,244.86460449647427,238.66066030201907,243.6003005401741,86102000
242,2022-12-19,235.66163635253906,240.32685450458052,233.95629656849025,239.98381847989876,29696400
243,2022-12-20,236.98472595214844,238.07262168056403,233.6720314907725,234.6325112922364,25150800
244,2022-12-21,239.56236267089844,240.72866715475755,235.32839983113104,236.87693717521168,23690600
245,2022-12-22,233.44662475585938,237.17095355808544,229.21264718155905,236.45548020048759,28651700
246,2022-12-23,233.97586059570312,234.11307199880326,229.2812565600642,231.40804078557704,21207000
247,2022-12-27,232.24111938476562,234.17187449957135,231.13361773276105,233.94645897077334,16688600
248,2022-12-28,229.85951232910156,234.94615982143847,229.5066808569475,232.17251532323996,17457100
249,2022-12-29,236.21044921875,237.1023307951029,230.95718926754077,230.95718926754077,19770700
250,2022-12-30,235.04417419433594,235.18138560256986,231.9470996028593,233.46623552218477,21938500
251,2023-01-03,234.8089141845703,240.8560406538007,232.67231976050326,238.23921384800184,25740000
252,2023-01-04,224.53765869140625,228.2325713228783,221.46018993339348,227.65432430054253,50623400
253,2023-01-05,217.88287353515625,223.01852855170435,217.3438233498918,222.67549253701173,39585600
254,2023-01-06,220.45066833496094,221.26414125690687,214.98180331379334,218.55911012079767,43613600
255,2023-01-09,222.59707641601562,226.63503997806498,221.9012238905733,221.9404207414047,27369800
256,2023-01-10,224.2926025390625,226.7036048155219,222.80286819321088,223.2242978359966,27033900
257,2023-01-11,231.07481384277344,231.2512220935921,226.50761080924343,226.6840190600621,28669300
258,2023-01-12,233.76025390625,235.1225725416833,228.9088322882637,230.57497512258234,27269500
259,2023-01-13,234.46591186523438,234.60312327325482,230.2417446380463,232.2803248107226,21333300
260,2023-01-17,235.5636444091797,236.11249010259638,232.3685549076242,233.23103525723528,29831300
261,2023-01-18,231.114013671875,237.55318409838128,230.8297953902502,236.7593170496167,30028700
262,2023-01-19,227.31129455566406,230.82981397653035,226.08618729413027,229.12445928470314,28623000
263,2023-01-20,235.43621826171875,235.9458670784951,229.8399216164332,230.18295763742017,35389800
264,2023-01-23,237.7492218017578,240.2876405055047,234.8775625509585,236.29869896460573,31934000
265,2023-01-24,237.219970703125,239.09193825120215,235.65184232831297,237.67081677077388,40234400
266,2023-01-25,235.8184356689453,238.45486876012572,226.30179634476667,229.81050516547126,66526600
267,2023-01-26,243.06126403808594,243.36508822534608,237.1807495855516,238.7978850780299,33454500
268,2023-01-27,243.21807861328125,244.85481998958946,241.9145627963581,244.03155156466582,26498900
269,2023-01-30,237.87661743164062,240.7090646327135,237.37676413120786,239.64075980634883,25867400
270,2023-01-31,242.8750457763672,243.01225718230123,238.11182846334003,238.60187133523615,26541100
271,2023-02-01,247.7166748046875,250.09827601317127,240.58165169810152,243.0612674641444,31259900
272,2023-02-02,259.33074951171875,259.41895365843123,252.12711176503356,253.66585389177882,39940400
273,2023-02-03,253.2052001953125,258.9387087363998,251.98009281088562,254.37150481807473,29077300
274,2023-02-06,251.6566162109375,253.1561462653794,249.7062550702165,252.31328684712523,22518000
275,2023-02-07,262.23175048828125,263.4176459144894,254.90069804204686,255.3417486096492,50841400
276,2023-02-08,261.4183044433594,271.2485641308872,260.9086406689903,267.75946096567276,54686000
277,2023-02-09,258.37017822265625,268.5238812652101,257.56650079899157,268.3474431140304,42375100
278,2023-02-10,257.8605651855469,258.8308405007959,255.46915357779656,256.32182338936,25818500
279,2023-02-13,265.9169006347656,269.13158103404106,261.8299294701828,262.3101918765242,44630900
280,2023-02-14,266.75,269.49422863256655,263.9175373133073,267.24004296366184,37047900
281,2023-02-15,264.6178283691406,266.00321414410365,261.53263664657936,263.63528781822424,28922400
282,2023-02-16,257.572998046875,262.08285555326694,257.3273629104609,259.41034406969123,29603600
283,2023-02-17,253.55442810058594,255.54898434486645,251.53039683731646,254.86122390687038,30000100
284,2023-02-21,248.258544921875,251.02931675886796,247.19739921785944,250.03694110450442,28397400
285,2023-02-22,247.1187744140625,249.89936603806962,245.96920374136064,249.65373089452532,22491100
286,2023-02-23,250.32186889648438,252.35572011024465,246.1067613934901,251.0980693615476,29219100
287,2023-02-24,244.8687744140625,246.6176955175455,243.7683337176813,245.59585986981725,24990900
288,2023-02-27,245.7923583984375,248.40591997457756,245.03579794379073,248.05220476132266,21190000
289,2023-02-28,245.06527709960938,247.09914335825746,244.38732168006,244.72139688160397,22491000
290,2023-03-01,241.9702911376953,246.54891919262562,241.49866082910683,246.38188908047658,27565300
291,2023-03-02,246.7257843017578,247.01071449485826,241.32181070309053,242.24540131691637,24808200
292,2023-03-03,250.83279418945312,251.15703440077357,247.00089167817626,247.78692719116086,30760100
293,2023-03-06,252.38522338867188,255.5784806456706,251.5107627702967,251.95290308432797,24109800
294,2023-03-07,249.71270751953125,253.19090991820912,248.965982000902,251.8251639819943,21473200
295,2023-03-08,249.27053833007812,250.09586880646756,246.43099669705938,249.6045985239911,17340200
296,2023-03-09,247.91464233398438,255.02822642305847,247.18755691928234,251.3535343083889,26653400
297,2023-03-10,244.24977111816406,248.3764387573187,243.27706549156017,246.69630267915912,28333900
298,2023-03-13,249.48670959472656,253.4070520212103,241.43969960963778,243.08054062729633,33339700
299,2023-03-14,256.2367858886719,256.51189607276245,251.39285266205692,252.2673132455693,33620300
300,2023-03-15,260.80560302734375,261.8274537401873,254.68436373706405,255.44093925824916,46028000
301,2023-03-16,271.377685546875,271.73138571783875,258.6832496805038,260.57954556148786,54768800
302,2023-03-17,274.5513610839844,278.38326410286106,271.4956736717407,273.40180517070377,69527400
303,2023-03-20,267.47705078125,272.6353891713259,265.13859924685386,272.1441188484615,43466600
304,2023-03-21,269.0,270.19870089061436,264.81436689289745,270.0808008005152,34558700
305,2023-03-22,267.53594970703125,276.13317871461095,267.4278546645775,268.6265552227389,34873300
306,2023-03-23,272.8122863769531,276.15291915205154,270.39524436702675,273.0873966058491,36610900
307,2023-03-24,275.6714172363281,275.7303672722425,270.47376918164593,272.39954031928613,28172000
308,2023-03-27,271.55450439453125,276.5457961363032,270.70950410872933,275.6025658041478,26840200
309,2023-03-28,270.4246520996094,271.318767617221,267.30015029600474,270.9748724204844,21878600
310,2023-03-29,275.6124572753906,276.2314626149595,273.5491161384135,274.0895014430885,25087000
311,2023-03-30,279.09063720703125,279.4934824393244,276.56553072790194,279.26751729823314,25053400
312,2023-03-31,283.2664794921875,284.2195451964046,278.0590256349784,278.77629115992977,32766000
313,2023-04-03,282.21514892578125,283.23696956652316,278.99241693897744,281.5175235068159,24883300
314,2023-04-04,282.16595458984375,285.37888099869804,280.68233892439935,282.21509960238774,25824300
315,2023-04-05,279.3755798339844,282.1365164147506,277.98038902724386,280.8592256779027,22064800
316,2023-04-06,286.5088195800781,286.9804198360611,277.1058996745783,278.2652902835456,29770300
317,2023-04-10,284.3374328613281,284.54375798741194,279.7391201581484,284.1605527684974,23103000
318,2023-04-11,277.8919372558594,280.98696405070535,276.72274155917825,280.76096892424965,27276600
319,2023-04-12,278.5404052734375,281.9989671295164,277.037119461826,279.8177259533784,27403400
320,2023-04-13,284.7795104980469,284.8384605242106,278.22598271656614,278.6386328997121,24222700
321,2023-04-14,281.1441955566406,283.443337075977,278.7369589738927,281.9891661216718,20987900
322,2023-04-17,283.7577209472656,286.5088526923991,281.16382928530817,284.86799665280347,23836200
323,2023-04-18,283.3352355957031,286.66606271139386,281.99899473668074,286.47937759362446,20161800
324,2023-04-19,283.4138488769531,284.00334925083666,279.5721115217609,280.99677740499226,17150300
325,2023-04-20,281.11468505859375,283.98371688946736,280.10266940979704,280.269714510074,23244400
326,2023-04-21,280.7707824707031,281.271857735347,278.11791113062174,280.03387709676457,21676400
327,2023-04-24,276.8504943847656,279.974996736199,273.85375711225953,277.16491461889643,26611000
328,2023-04-25,270.61138916015625,276.6834838571945,270.56224413132526,274.6299772681223,45772200
329,2023-04-26,290.2129821777344,294.3396642643892,287.61909085436344,291.51977783190284,64599200
330,2023-04-27,299.5078125,299.87137767835986,290.09508754369574,290.80251791508084,46462600
331,2023-04-28,301.89544677734375,303.5362728554159,298.0143992536934,298.7021896959071,36446700
332,2023-05-01,300.22509765625,303.21202941946285,299.82225241970167,301.6104834742064,21294100
333,2023-05-02,300.07769775390625,303.7818646450202,298.60388700365706,302.3866739262479,26404400
334,2023-05-03,299.08538818359375,303.22187620540313,298.78080296018044,301.2666297741827,22360800
335,2023-05-04,300.07769775390625,302.3866739262479,298.10278175345024,300.89319317575126,22519900
336,2023-05-05,305.2262268066406,306.52318757549443,298.9576130752729,300.38230891776885,28181200
337,2023-05-08,303.2611999511719,304.78415612190935,300.74589800125,304.715371072281,21318600
338,2023-05-09,301.6399841308594,304.6269161479535,300.9620286732827,302.62252479578075,21340800
339,2023-05-10,306.8572692871094,307.53522473722796,302.29829624410297,303.23169187465317,30078000
340,2023-05-11,304.6956787109375,305.68805440207467,300.9129210456276,304.6858736936846,31680200
341,2023-05-12,303.5755615234375,305.226222486931,301.2469451669451,305.1279624328462,19758100
342,2023-05-15,304.0570373535156,304.4893576613307,302.21969103768305,303.7033370933557,16336500
343,2023-05-16,306.29718017578125,308.2327862505442,304.4205241349901,304.4205241349901,26730300
344,2023-05-17,309.1921691894531,309.61557800525054,305.9820752690315,307.5083603764243,24315000
345,2023-05-18,313.6429443359375,314.1550015459057,308.91645194585186,309.71404716104996,27276000
346,2023-05-19,313.46575927734375,313.8694852016011,311.5259215707128,311.8902515376422,27529500
347,2023-05-22,316.26226806640625,317.65068255774975,313.1408221240689,313.72178477500375,24115700
348,2023-05-23,310.4328918457031,317.7786593037001,310.4230353450579,315.129844956525,30797200
349,2023-05-24,309.04449462890625,311.6539131682788,307.82346044326306,309.9110253250696,23384900
350,2023-05-25,320.92974853515625,321.8947242115427,315.1003783142054,318.29076002853634,43301700
351,2023-05-26,327.7929382324219,328.29510888578733,318.9208860691988,319.05872682002087,36630600
352,2023-05-30,326.138671875,330.59930960813324,325.45923440138364,330.0971389039491,29503100
353,2023-05-31,323.36187744140625,330.79626374577583,322.3180799641337,327.2021566585661,45950600
354,2023-06-01,327.4877014160156,328.42316754915356,319.74806391564715,320.9395286349785,26773900
355,2023-06-02,330.2645568847656,332.3324089952428,327.4581883098545,329.13217098269604,25864000
356,2023-06-05,330.7962341308594,333.3761130137204,329.535834140366,330.08725725806266,21307100
357,2023-06-06,328.5708923339844,330.235018509985,327.0840329482656,330.19562255099885,20396200
358,2023-06-07,318.4285583496094,329.36843269361947,317.5620276985379,326.57192107899317,40717100
359,2023-06-08,320.27978515625,321.6386600689706,318.3990265502694,318.97998914840355,23277700
360,2023-06-09,321.7863464355469,324.9373314399376,319.44278312053285,320.0138891984146,22514900
361,2023-06-12,326.7688903808594,327.01506251011267,320.18132179801705,323.54893969802896,24260300
362,2023-06-13,329.1715393066406,331.8203538740593,325.3312600240495,329.34877603115035,22951300
363,2023-06-14,332.1748352050781,333.84881777710495,327.7141972305495,329.22076952524964,26003800
364,2023-06-15,342.77008056640625,344.4834289788281,332.0369816851605,332.3126932693469,38899100
365,2023-06-16,337.08837890625,346.088445630965,336.7142225430132,345.9407483756996,46533600
366,2023-06-20,332.87396240234375,336.84225617717664,330.7174920084204,334.1146796290697,26375400
367,2023-06-21,328.4527282714844,332.55889297136713,326.98555186795784,331.2197008440699,25117800
368,2023-06-22,334.5085144042969,334.9122402862619,328.23605360829237,329.0041094190213,23556800
369,2023-06-23,329.8903503417969,332.7853371103675,328.3444121418227,329.24045228657593,23084700
370,2023-06-26,323.56866455078125,330.9636551501701,323.4603331837818,328.61026513447996,21520600
371,2023-06-27,329.44720458984375,331.0029990368277,324.25787749926053,326.7786773945669,24354100
372,2023-06-28,330.7076721191406,332.8050636439162,328.6988989622739,329.5358902818276,20259500
373,2023-06-29,329.91986083984375,330.96362821714007,327.527075062663,329.5850703650796,16997000
374,2023-06-30,335.3258056640625,337.482275725271,332.0369499207866,332.57851653603007,26823800
375,2023-07-03,332.8148498535156,335.68029693733763,331.41660903960724,333.9964880500449,12508700
376,2023-07-05,332.972412109375,336.41882187846574,329.6047942488933,329.9592676867089,18172400
377,2023-07-06,336.04461669921875,337.7382820361676,330.3629751576873,332.13540234854474,28161200
378,2023-07-07,332.056640625,336.5566740578288,331.84000796378285,334.1244923820167,21185300
379,2023-07-10,326.7491760253906,330.0971410096197,322.5741063466411,329.4767824384207,32791400
380,2023-07-11,327.37939453125,327.7634074291619,321.9931471069892,325.99098010741216,26698200
381,2023-07-12,332.0370178222656,336.4188641924921,330.53044542143925,331.4461986346193,29995300
382,2023-07-13,337.4133605957031,338.47681093963564,333.8290800785116,334.36082027563174,20567200
383,2023-07-14,339.95379638671875,346.0490196781183,339.03804343316017,342.2678200196118,28302200
384,2023-07-17,340.4364013671875,341.67708857215035,336.960451802306,340.3871489068747,20363900
385,2023-07-18,353.98565673828125,361.1640442664553,336.9308748774754,340.5348083176435,64872700
386,2023-07-19,349.6432189941406,356.9102257559928,347.04365668560916,356.2111052558254,39732900
387,2023-07-20,341.5588684082031,352.488915911332,340.0818357740048,348.15629286107804,33778400
388,2023-07-21,338.50634765625,344.93636222302956,334.62667264440915,343.8039764820787,69368900
389,2023-07-24,339.8258361816406,341.6081500253585,337.06872038252897,340.5545261109339,26678100
390,2023-07-25,345.60595703125,346.5020271113136,339.78644478620345,341.79518755329605,41637700
391,2023-07-26,332.5982360839844,339.3926110246211,328.00958389884386,336.21205623429853,58383700
392,2023-07-27,325.65618896484375,336.1037197516402,324.0117459121444,335.2667585487862,39635300
393,2023-07-28,333.1890563964844,334.8039600258681,328.0686940198267,328.5610382897155,28484900
394,2023-07-31,330.7765808105469,332.52932517386967,328.2557505534437,331.7612693303981,25446000
395,2023-08-01,331.1900939941406,333.3564205017468,328.5905322353185,330.0577083402896,18311900
396,2023-08-02,322.4855041503906,328.5216498452857,321.3629447652297,328.5216498452857,27761300
397,2023-08-03,321.6583557128906,324.82905395091615,320.9592352774214,321.0084576833229,18253700
398,2023-08-04,322.76116943359375,330.00849183831787,322.22942927216775,326.79839796975773,23727700
399,2023-08-07,325.0555419921875,326.04023060027674,322.50520210327375,323.3421934302119,17741500
400,2023-08-08,321.05767822265625,323.71634923267544,318.05439027271234,321.9537483771396,22327600
401,2023-08-09,317.2961730957031,322.101427535395,316.134217875359,321.4712425475284,22373300
402,2023-08-10,317.9854431152344,323.2338495332389,316.2622382780474,321.0281269074305,20113700
403,2023-08-11,316.0948486328125,317.47340645136524,314.32239139441043,315.356332296055,24342600
404,2023-08-14,319.0784606933594,319.0981436446772,315.1790727103108,316.4690422541551,18836100
405,2023-08-15,316.93182373046875,320.11237837893884,315.98653119187856,318.05438303591984,16966300
406,2023-08-16,316.162109375,320.1289566875481,315.570039465702,316.55681260988985,20698900
407,2023-08-17,312.688720703125,317.6127097168365,312.02756935768224,316.3003145091052,21257200
408,2023-08-18,312.2940368652344,314.1689001847318,307.429221422088,310.3303374450524,24744800
409,2023-08-21,317.6225891113281,318.50080167384647,312.84661003586535,313.7248225983837,24040000
410,2023-08-22,318.19488525390625,321.7669995051517,317.2081120302946,321.1946842855857,16102000
411,2023-08-23,322.67486572265625,324.8457790055064,319.18167984531766,319.5369338888436,21166400
412,2023-08-24,315.7378234863281,328.57575251487145,315.72794611782484,328.4474671800425,23281400
413,2023-08-25,318.70806884765625,321.05656413544324,314.5833333396425,317.2180314460419,21684100
414,2023-08-28,319.4185485839844,321.83612524691614,317.46472649074093,321.3526159371164,14808500
415,2023-08-29,324.0661926269531,324.6286605824637,317.62256478776396,317.62256478776396,19284600
416,2023-08-30,324.4412536621094,325.44775174817295,322.132207384244,324.3228456653885,15222100
417,2023-08-31,323.4248046875,326.5331343506148,322.4577560775386,324.845760553026,26411000
418,2023-09-01,324.3128967285156,327.59883836815857,322.457758218764,326.92783979218484,14931200
419,2023-09-05,329.13818359375,330.42100680175923,324.31287838153,324.64837765053704,18553900
420,2023-09-06,328.4771423339844,330.036231094412,325.81284204251835,328.9705290461866,17535800
421,2023-09-07,325.54638671875,328.67444125152036,324.67802138664604,326.9081387064647,18381000
422,2023-09-08,329.8486633300781,331.71367911357964,325.1022866960148,325.72395862384866,19530100
423,2023-09-11,333.47015380859375,333.94381580860636,330.9933433198764,332.7794004894833,16583300
424,2023-09-12,327.38177490234375,332.33539626234364,327.09563232037993,331.3782249333898,17565500
425,2023-09-13,331.6150207519531,332.3945800625575,326.7897151493459,326.9278477470877,16544400
426,2023-09-14,334.2201232910156,336.3515270839073,332.1182913781519,334.6641532003969,20267000
427,2023-09-15,325.852294921875,332.93732030579133,325.28982688834475,332.46368837349866,37666900
428,2023-09-18,324.70758056640625,326.02985301542014,322.04328093184256,323.46423672175285,16834200
429,2023-09-19,324.30303955078125,325.0332722714447,320.2178137413672,321.8558610357087,16505900
430,2023-09-20,316.5272521972656,325.23059969956495,316.2707116235492,325.15167108778996,21436500
431,2023-09-21,315.3036804199219,321.04670841856864,310.8335984468154,315.03726246226876,35529500
432,2023-09-22,312.8170471191406,317.19832345154833,311.96840633060816,317.0700380905197,21447900
433,2023-09-25,313.3399963378906,313.4682816827549,310.83358377019226,312.40254967459873,17836000
434,2023-09-26,308.0114440917969,311.70196673842554,305.91945932011913,310.9618867351327,26297600
435,2023-09-27,308.65283203125,310.1428392517049,305.593828747816,308.16929263193225,19410100
436,2023-09-28,309.4916076660156,311.30726701468535,305.35702492417727,306.87663419975775,19683600
437,2023-09-29,311.5736999511719,315.2444981907834,310.8138952768678,313.54724674421175,24140300
438,2023-10-02,317.5436706542969,317.6325067612808,311.01123551145383,312.0966922830595,20570000
439,2023-10-03,309.24493408203125,317.13912137906925,307.093745156998,316.5865005634567,21033500
440,2023-10-04,314.7412109375,315.80694299104033,309.84682368319505,309.87642567835275,20720100
441,2023-10-05,315.13592529296875,315.74775007089806,310.73492454627984,314.869507327209,16965600
442,2023-10-06,322.93145751953125,324.8359228657201,312.1163998758835,312.363093214424,25645500
443,2023-10-09,325.4576110839844,325.93124304462157,318.90542123178176,320.45466270221294,19891200
444,2023-10-10,324.0465087890625,326.720656085552,323.3360307858184,326.58249336445317,20557100
445,2023-10-11,328.023193359375,328.4178966562557,324.786578142663,326.82917598535187,20063200
446,2023-10-12,326.7798767089844,329.2172081664268,324.37214724843665,326.19768402743284,19313100
447,2023-10-13,323.39520263671875,329.41449526956706,322.04329801120366,327.9836921494348,21072400
448,2023-10-16,328.24029541015625,331.6940020700412,326.22726938220796,326.6712993129767,22158000
449,2023-10-17,327.6679382324219,329.04941482391666,323.07944842920335,325.23060698695457,18338500
450,2023-10-18,325.74371337890625,331.15124180050987,323.95765614917667,328.0922386062229,23153600
451,2023-10-19,326.9377136230469,332.42417036991503,326.53313298528315,327.75672215339745,25052100
452,2023-10-20,322.3492736816406,327.52983393285876,321.1454089520383,327.33246721104837,25012600
453,2023-10-23,324.9642028808594,328.3291035769389,320.0994175521123,321.16511950696747,24374700
454,2023-10-24,326.158203125,327.4508738398732,323.2669643574704,326.91800778434316,31153600
455,2023-10-25,336.1640625,341.6209174681372,333.15438596388094,340.4565021251705,55053800
456,2023-10-26,323.55316162109375,337.11141921470045,322.61571479614804,336.0358397657256,37828500
457,2023-10-27,325.44769287109375,332.26629984544655,324.05633893346254,326.0594874860953,29856500
458,2023-10-30,332.8484802246094,334.9601894195528,327.44095201134724,329.0000705992629,22828100
459,2023-10-31,333.6379089355469,334.5161516349393,330.2631610837394,334.368141661427,20265300
460,2023-11-01,341.4926452636719,342.82479524967096,335.15754738848574,335.29571010602456,28158800
461,2023-11-02,343.71282958984375,344.21606341705,340.20976685168165,342.6470977279066,24348100
462,2023-11-03,348.13360595703125,349.7026019942071,342.7359548361638,345.00555147993623,23624000
463,2023-11-06,351.8143005371094,352.810951254989,348.6763685179985,348.77505187557927,23828300
464,2023-11-07,355.7613830566406,357.66584833262294,352.8997464578491,354.6463243893139,25833900
465,2023-11-08,358.3960876464844,359.057208917739,355.78111421518867,356.89617290299117,26767800
466,2023-11-09,355.9193115234375,359.9650886165862,355.59365942714123,357.50800229393934,24847300
467,2023-11-10,364.7804870605469,365.20479233824454,356.2942309369423,356.7086588455069,28042100
468,2023-11-13,361.83001708984375,363.59634968321416,361.0603351402409,363.3496563645731,19986500
469,2023-11-14,365.3725280761719,367.03033005742196,362.4911669897253,366.1027607739128,27683900
470,2023-11-15,365.5209045410156,368.9420616823199,362.98960975360205,367.1128197102885,26860100
471,2023-11-16,371.94793701171875,372.12590947641365,366.02514736390873,366.79639155264005,27182300
472,2023-11-17,365.6988525390625,370.1681097203814,362.88083457344084,369.41663021620167,40157000
473,2023-11-20,373.2036437988281,374.6175863426899,366.83592346802067,367.053455411311,52465100
474,2023-11-21,368.8826599121094,371.9972981956212,366.95453469252925,371.45348347986686,28423100
475,2023-11-22,373.6090393066406,375.52726727191356,370.7613594334498,373.75734968023374,23345300
476,2023-11-24,373.1938171386719,373.7277647689017,370.92954122586116,373.09493347750976,10176600
477,2023-11-27,374.36053466796875,376.36777927950243,371.9776106304941,372.5510875373221,22179200
478,2023-11-28,378.4046630859375,378.70128387534794,373.91561069751197,374.1034805891569,20453100
479,2023-11-29,374.59783935546875,379.98665110815534,373.20366140430053,379.4527337290247,28963400
480,2023-11-30,374.65716552734375,375.82391411402256,371.2557732398662,374.2418662773965,30554400
481,2023-12-01,370.30657958984375,373.91560663875174,367.1424837202218,372.53132601143756,33020400
482,2023-12-04,364.996826171875,365.3725357450279,358.82684275276864,364.9572666786292,32063300
483,2023-12-05,368.3388671875,368.8925793974309,361.51631803473913,362.33701910752933,23065000
484,2023-12-06,364.66064453125,369.9802652283336,363.8992977327105,369.3474641617025,21182100
485,2023-12-07,366.7864990234375,367.28088706354185,362.208460944063,364.0970268782678,23118900
486,2023-12-08,370.02972412109375,370.2571233325587,364.0970669863145,365.05618109677266,20144800
487,2023-12-11,367.132568359375,367.429219306122,361.990950541345,364.3442425802933,27708800
488,2023-12-12,370.1780090332031,370.2175685270605,366.301993361596,366.6876305328375,24838300
489,2023-12-13,370.1680908203125,373.4014078665919,366.6084909494342,371.7995652934086,30955500
490,2023-12-14,361.8228759765625,369.5650106993182,360.0430908454987,369.1200493290244,43277500
491,2023-12-15,366.5689392089844,368.22017823936244,362.16887391656695,362.7324834814476,78478200
492,2023-12-18,368.4674377441406,368.8135154424353,364.5419950993195,365.3033720705786,21802900
493,2023-12-19,369.0705871582031,369.0705871582031,365.68895952374146,367.3204340997758,20603700
494,2023-12-20,366.4602355957031,371.80951853431884,366.3712493574519,370.79108024092596,26316700
495,2023-12-21,369.3474426269531,370.20767302873213,365.88672618527943,368.3784311602655,17708000
496,2023-12-22,370.375732421875,370.9690041075322,368.5267259720335,369.4858399809148,17091100
497,2023-12-26,370.4548645019531,372.70927284710115,369.3078805824845,370.7910447615306,12673100
498,2023-12-27,369.8714904785156,370.8503691813732,368.6256229112042,369.4957507248787,14905400
499,2023-12-28,371.0679016113281,372.23465019250256,369.9604771834302,371.1568878412429,14327000
500,2023-12-29,371.8193664550781,372.92679083929943,369.2881020982719,371.77980696276984,18723000
501,2024-01-02,366.7073669433594,371.68090924219496,362.653379124267,369.6637976615887,25258600
502,2024-01-03,366.4404296875,369.0705777416299,364.3738912539091,364.86827930524817,23083500
503,2024-01-04,363.8102722167969,368.91236039556355,363.0489255004596,366.5096417702584,20901500
504,2024-01-05,363.6224060058594,367.8840285269613,362.3864358970699,364.82871403903994,20987000
505,2024-01-08,370.4845275878906,370.988813066157,364.86828645661416,365.1550098059731,23134000
506,2024-01-09,371.5721740722656,371.76991118457596,367.0237980384077,367.83460167151895,20830000
507,2024-01-10,378.4738464355469,379.8581572234937,372.096258198453,372.14568493728495,25514200
508,2024-01-11,380.31298828125,386.2950721213031,376.11068950144534,381.66760682461364,27850800
509,2024-01-12,384.1098327636719,384.3174672848406,380.33270101643035,381.1632692761554,21645700
510,2024-01-16,385.8896179199219,389.607425521524,383.2693674241333,389.2415832112696,27202300
511,2024-01-17,385.0986328125,385.7314338319448,380.4909325183697,383.6253660644491,22234100
512,2024-01-18,389.44927978515625,389.56792810197584,385.7413690092673,387.3234169753243,23392100
513,2024-01-19,394.19537353515625,394.19537353515625,389.0833879187689,391.31803151810533,29272000
514,2024-01-22,392.05963134765625,396.1234867411943,389.17239178292385,395.53021503062706,27016900
515,2024-01-23,394.4227600097656,394.8973833764225,389.5085418380042,391.30812148964645,20525900
516,2024-01-24,398.0417175292969,401.0772674984209,395.95541437351613,397.0331767370542,24867000
517,2024-01-25,400.3257751464844,402.44177048645173,398.0120426913666,399.7819603610059,21021200
518,2024-01-26,399.3963317871094,401.61121081981145,397.9131676038507,399.83139569486946,17803300
519,2024-01-29,405.1213684082031,405.3784598651388,399.7918504359062,401.50244405119065,24510200
520,2024-01-30,404.0040283203125,408.4139613345208,401.8880631298829,407.6328499314226,33477600
521,2024-01-31,393.1175842285156,410.65849256823645,392.7517419035558,402.39230877230926,47871100
522,2024-02-01,399.248046875,403.42068358377554,397.2902591651768,397.3199212437322,30657700
523,2024-02-02,406.6045227050781,408.0184653335539,399.03049390369324,399.27768793699545,28245000
524,2024-02-05,401.0970153808594,406.54518129966755,399.4556434483769,405.29931376867506,25352300
525,2024-02-06,400.9388122558594,403.3909878537456,398.38778318773774,401.3244494199643,18382600
526,2024-02-07,409.4027099609375,409.649903972549,402.8273552870818,402.8669147779537,22340500
527,2024-02-08,409.4620666503906,410.895804101699,407.89981364987307,409.40274249689327,21225300
528,2024-02-09,415.8298034667969,416.09679234296146,410.43109406340193,410.5893018705596,22032800
529,2024-02-12,410.59918212890625,416.0176559661079,410.0948966506066,415.83968350613833,21202900
530,2024-02-13,401.7594909667969,405.4674011458871,398.8623843888798,400.39497519288363,27824900
531,2024-02-14,405.6427001953125,405.9894178790187,400.76894210552797,404.23605848087817,20401200
532,2024-02-15,402.7402038574219,405.2860649354581,400.49154229797136,404.30537605508795,21825500
533,2024-02-16,400.26373291015625,404.45400167684636,399.6495628327148,404.1270851963654,22281100
534,2024-02-20,399.0056457519531,400.68965547755954,394.27055684913546,399.4513996951192,24307900
535,2024-02-21,398.4013671875,398.51034941803397,393.4879766336977,396.41027241644326,18631100
536,2024-02-22,407.7823791503906,408.95128532759105,404.7313302719457,406.3361048933316,27009900
537,2024-02-23,406.4847106933594,411.95283750838547,405.1275871523173,411.76465043623483,16295900
538,2024-02-26,403.71099853515625,408.28758685257475,403.53266673551263,407.5941515550284,16193500
539,2024-02-27,403.6515808105469,404.4836850623454,400.055681208624,404.1567686089776,14835800
540,2024-02-28,403.8893127441406,405.45445472615467,401.51186772663095,404.3449824000404,13183100
541,2024-02-29,409.75372314453125,410.3084593316979,402.1062540147567,404.80069987993255,31947300
542,2024-03-01,411.5962219238281,411.9627407983519,407.019633390637,407.4059534745647,17800300
543,2024-03-04,411.0216979980469,413.4288600615765,408.44611984108144,409.55559222110224,17596000
544,2024-03-05,398.866943359375,410.35796297341943,396.8758486343361,410.0706791695835,26919200
545,2024-03-06,398.31219482421875,401.35335816221044,394.6469759902315,399.1839316978577,22344100
546,2024-03-07,405.29595947265625,405.92993066363545,398.46076390351783,402.3043143885256,18718500
547,2024-03-08,402.40338134765625,406.563932548316,400.5311242381038,404.1270235900873,17971700
548,2024-03-11,400.7193908691406,401.8684959158896,397.4900401967336,399.9665518757127,16120800
549,2024-03-12,411.3782958984375,411.66557971021905,402.96807213356095,403.79026068759885,22457000
550,2024-03-13,411.199951171875,414.25099985774233,407.5842506420183,414.1717647960068,17115900
551,2024-03-14,421.22491455078125,423.8004927118293,414.06283197899603,416.2916924630243,34157300
552,2024-03-15,412.5075988769531,418.62952831732593,408.9116991847294,415.3506293663728,45049800
553,2024-03-18,413.39910888671875,416.77707411837673,409.8923602232522,410.3579455831781,20106000
554,2024-03-19,417.45068359375,417.7082504608342,411.6457249805596,413.90430223487067,19837900
555,2024-03-20,421.2347717285156,421.9578936817544,416.7077018080513,418.03510823968844,17860100
556,2024-03-21,425.33587646484375,426.77226517382667,423.1466488448073,425.7915460992778,21296200
557,2024-03-22,424.7118225097656,425.8212948665726,422.0669250575301,425.6628247277611,17636500
558,2024-03-25,418.8870544433594,423.39432359578046,417.64879867030754,421.2446982721868,18060500
559,2024-03-26,417.6884460449219,421.98766661282076,417.39127674125456,421.6112320076055,16725600
560,2024-03-27,417.47052001953125,420.4621654792554,415.0732736405377,420.45224975865324,16705000
561,2024-03-28,416.76715087890625,417.9063400745122,415.1821775398297,417.00488629896955,21871200
562,2024-04-01,420.58099365234375,423.8698081123032,418.253066843913,419.9668236498753,16316000
563,2024-04-02,417.4803771972656,418.41154787762645,413.91419482895304,416.1628562378641,17912000
564,2024-04-03,416.4997253417969,419.2833219106777,415.1524873360607,415.7864888048433,16502300
565,2024-04-04,413.953857421875,424.6424895808556,413.64677241260966,420.9970416568271,19370900
566,2024-04-05,421.52203369140625,422.50275274464576,414.3896991298408,416.0638232237435,16544300
567,2024-04-08,420.600830078125,423.26555903906655,419.3229415986936,421.175397711729,14272400
568,2024-04-09,422.2749328613281,423.72120713043927,417.65871174097106,422.43343322697575,12512300
569,2024-04-10,419.2832946777344,420.04604930389615,415.7567448715327,418.223340545814,16216600
570,2024-04-11,423.9093933105469,425.33586626582,418.3917187704176,421.81923224312044,17966400
571,2024-04-12,417.93609619140625,421.1852782373019,415.82610344793704,420.0658901447868,19232100
572,2024-04-15,409.75372314453125,422.80988521460824,409.54567440120263,422.5919509817317,20273500
573,2024-04-16,410.6848449707031,414.46896182763265,409.8428552388163,410.6749594816062,16765600
574,2024-04-17,407.9705810546875,414.944445667743,406.4747584853447,413.3297553873522,15855500
575,2024-04-18,400.4716796875,408.02011154775664,400.1547092155413,406.77194017472544,21029900
576,2024-04-19,395.3701171875,401.67037838778936,394.03279488372993,400.23398957432255,30276500
577,2024-04-22,397.1928405761719,399.0650979159109,392.0317987028659,396.3211036284112,20286900
578,2024-04-23,403.7407531738281,404.36483895374073,399.2731164319855,400.4420226888204,15734500
579,2024-04-24,405.2167053222656,408.5946705531457,402.95812809887644,405.7120076101216,15065300
580,2024-04-25,395.2908935546875,396.13291356518926,384.3843265310709,390.327954514582,40586500
581,2024-04-26,402.50244140625,409.11967243625537,401.9477052858215,408.29748397482246,29694700
582,2024-04-29,398.470703125,402.50247113048255,395.4394554463583,401.4425169456961,19582100
583,2024-04-30,385.6720886230469,398.3815629989462,385.51361848485345,397.71784459298715,28781400
584,2024-05-01,391.2293701171875,397.9456678723463,386.6428661349504,388.92124454675456,23562500
585,2024-05-02,394.1021423339844,396.1725023827848,390.9421111461168,393.9238407560063,17709400
586,2024-05-03,402.8392333984375,403.324619934145,398.08431361506535,398.500380810565,17446700
587,2024-05-06,409.6546630859375,410.040983186617,402.5520143110461,404.91957397962835,16996600
588,2024-05-07,405.49407958984375,410.77401898833904,405.2464284421319,410.76410326855756,20018200
589,2024-05-08,406.68280029296875,408.3569244004072,402.88876793839216,404.33507234714784,11792300
590,2024-05-09,408.44610595703125,408.8423417605904,405.2563578574711,406.71254786446275,14689700
591,2024-05-10,410.8433532714844,411.47735474348696,407.9309732500374,409.06027703547176,13402300
592,2024-05-13,409.8329162597656,414.41942017019113,406.9601691065583,414.0826182503801,15440200
593,2024-05-14,412.6462707519531,413.56752582141957,407.68333177957805,408.1489171745,15109300
594,2024-05-15,419.8609619140625,420.58541857629035,414.09517000451575,414.7203814645313,22239500
595,2024-05-16,417.78680419921875,422.1831206804055,417.1516895148504,418.5906387303572,17530100
596,2024-05-17,417.01275634765625,419.7021586835379,414.84935049574557,419.32504512881616,15352200
597,2024-05-20,422.103759765625,423.52287221703216,416.79445965158396,417.01278697375295,16272100
598,2024-05-21,425.7756042480469,429.6756950854867,421.6174819616407,423.58239750259565,21453300
599,2024-05-22,427.24432373046875,429.1199579656232,423.8801327186548,426.8176027078419,18073700
600,2024-05-23,423.7511291503906,430.3009184683396,422.183164058962,429.6757070386861,17211700
601,2024-05-24,426.8870849609375,427.7802311569624,421.180834455013,423.9396813142882,11845800
602,2024-05-28,427.0458679199219,427.54206361225715,423.3541707575322,426.3611154416687,15718000
603,2024-05-29,425.90460205078125,427.6611238088633,422.4510693064345,422.4510693064345,15517100
604,2024-05-30,411.51495361328125,421.07165731955763,411.08820229599854,421.07165731955763,28424800
605,2024-05-31,411.9714660644531,413.5791353622515,401.43227374743395,413.5791353622515,47995300
606,2024-06-03,410.3736572265625,413.2615196687407,405.8086812773789,412.3683735171778,17484700
607,2024-06-04,412.9042663574219,413.2714463024523,406.5628712460692,409.2919473930987,14348900
608,2024-06-05,420.78387451171875,420.8533188907335,413.1325152430589,414.6310359031759,16988000
609,2024-06-06,421.28997802734375,422.07397569799485,417.3799535645987,420.7838790172518,14861300
610,2024-06-07,420.6250915527344,423.03659533238357,419.78155282449774,422.9572173477245,13621700
611,2024-06-10,424.6144714355469,424.82286513391676,420.66477334419267,421.4686078947135,14003000
612,2024-06-11,429.3879089355469,429.52685827022987,422.01444801185045,422.24270893937995,14551100
613,2024-06-12,437.70416259765625,440.02635491441,429.95358793616725,432.00784546900513,22366200
614,2024-06-13,438.22015380859375,440.0164099933339,436.02697743101913,437.4957275143316,15960600
615,2024-06-14,439.2026672363281,439.7683376003339,433.39717151476515,434.94529966913103,13582000
616,2024-06-17,444.9585266113281,447.5089797746042,437.3667384679764,439.22250553797545,20790000
617,2024-06-18,442.9439697265625,446.7150751827561,441.50502038116036,446.28832386783046,17112500
618,2024-06-20,442.3088684082031,443.1325399619797,437.912551396736,442.9042790324355,19877400
619,2024-06-21,446.3578186035156,447.15171963768364,443.11270951249037,443.9760852156284,34486200
620,2024-06-24,444.2638854980469,449.3052206448714,443.0134626029418,446.37765380757656,15913700
621,2024-06-25,447.5188903808594,447.98531552571586,443.3508346061679,444.8394216277891,16747500
622,2024-06-26,448.71966552734375,450.1487114593878,444.7798707523325,445.5837053034348,16507000
623,2024-06-27,449.4044189453125,452.6991654227889,448.3326193512516,448.7395034299803,14806300
624,2024-06-28,443.5493469238281,451.9151991305475,443.0134470896372,449.6227774267188,28362300
625,2024-07-01,453.2549133300781,453.8900280472802,442.2691337894114,445.2463078469115,17662800
626,2024-07-02,455.7855224609375,456.0931613731061,449.6624541774822,449.7517960549086,13979800
627,2024-07-03,457.2641296386719,457.5122274643449,454.39613452228906,454.70377340329327,9932800
628,2024-07-05,464.00250244140625,464.78650009669735,455.4778642825478,456.1129790053472,16000300
629,2024-07-08,462.6925354003906,464.14144858333964,460.9260800009118,463.00017429743497,12962300
630,2024-07-09,456.04351806640625,463.7742246843102,454.5152269456782,463.4467488725584,17207200
631,2024-07-10,462.7024841308594,462.91087784219644,455.36869724486377,457.71075666628917,18196100
632,2024-07-11,451.2403869628906,461.2436790661222,448.1143297880847,459.457386639418,23111200
633,2024-07-12,450.0990905761719,452.8877078833818,447.22116168053736,450.8731546278995,16324300
634,2024-07-15,450.5059814453125,453.7808911637112,447.99523247056425,449.85099950163277,14429400
635,2024-07-16,446.09979248046875,450.84342238707205,443.26156747821994,450.764044396858,17175700
636,2024-07-17,440.1454162597656,441.46531376189114,435.8384412822571,439.22249954002416,21778000
637,2024-07-18,437.0193786621094,441.2668124744543,431.0948010273652,440.95917357547034,20794800
638,2024-07-19,433.7841796875,437.7835460054657,428.7130742947466,429.80471086507333,20940400
639,2024-07-22,439.5698547363281,441.2172281155517,435.5705185548157,438.4286106688719,15808800
640,2024-07-23,441.46533203125,444.9784061601368,439.7286470352855,440.52254806214466,13107100
641,2024-07-24,425.63665771484375,438.12095826115956,424.3366274271562,437.0987963490377,26805800
642,2024-07-25,415.2165832519531,426.5298399054952,414.3333705957519,425.5374484396514,29943800
643,2024-07-26,422.0342712402344,425.6565240052853,414.0951402007918,415.0180872010169,23583800
644,2024-07-29,423.4831848144531,428.86192913835873,421.4686315229256,428.29625878283395,15125800
645,2024-07-30,419.7021789550781,425.7855127211385,414.18445497765873,424.4656455012434,32687600
646,2024-07-31,415.1669616699219,418.57085701348217,409.07366373993483,417.30059719182844,42891400
647,2024-08-01,413.93634033203125,424.20759683358074,409.94693801865395,417.58836350695543,30296400
648,2024-08-02,405.3819580078125,411.84243578824686,401.2635397070065,409.35152365396425,29437900
649,2024-08-05,392.1434631347656,397.98866312927163,382.64626998707365,386.2089818321841,40709200
650,2024-08-06,396.56951904296875,402.5834388839359,395.4679791086585,396.9565662320286,24946500
651,2024-08-07,395.3984680175781,406.95982088699543,394.44578082628846,405.53080524275083,20650900
652,2024-08-08,399.6260681152344,402.77193167950935,396.8969919508049,399.3779702821044,20203000
653,2024-08-09,402.93072509765625,404.945278327108,399.1993542150353,400.9558760021183,19276700
654,2024-08-12,403.7147216796875,405.6498969215895,401.16426864795665,403.9628195165785,16762900
655,2024-08-13,410.8599548339844,411.79280513110314,406.4537347921751,406.47357171655057,19414300
656,2024-08-14,413.6882629394531,414.54173528870035,409.3118435327495,411.64393908583247,18267000
657,2024-08-15,418.57965087890625,418.65917193819183,415.2292687595661,417.3567984201095,20752100
658,2024-08-16,416.0345153808594,418.88780719208,414.871311404525,418.15212368395106,22775600
659,2024-08-19,419.07672119140625,419.2954420190991,414.03622098500824,416.52167114516885,15234000
660,2024-08-20,422.3276672363281,423.3814956474892,419.18608502114756,419.2457333961214,16387600
661,2024-08-21,421.67156982421875,423.9183962597862,419.2656405890008,421.6118911043651,16067300
662,2024-08-22,413.13153076171875,424.30613578026436,412.1969990352219,421.8902550651885,19361900
663,2024-08-23,414.36431884765625,416.8199448280934,409.69166039420327,414.5532154876874,18493800
664,2024-08-26,411.08349609375,414.85144695028356,408.9460150702165,413.94673947074824,13152800
665,2024-08-27,411.43145751953125,411.9484202096587,407.8623548739229,410.4571501735566,13492900
666,2024-08-28,408.2103576660156,412.58474406521935,404.939496621488,412.46544730687265,14882700
667,2024-08-29,410.7156677246094,419.593688512659,408.21034485802835,412.5250827426797,17045200
668,2024-08-30,414.7122802734375,415.0602190186727,409.7314285183125,413.18123450252676,24308300
669,2024-09-03,407.0570983886719,417.43634095322227,404.66112073149435,415.47780496274754,20313600
670,2024-09-04,406.5202331542969,408.8466109265116,402.01659855552833,403.5476443909062,15135800
671,2024-09-05,406.01318359375,410.69576288507244,403.7663270914325,405.2476455783769,14195500
672,2024-09-06,399.36212158203125,408.2600144548305,398.4673353023376,406.6792718819864,19609500
673,2024-09-09,403.3587341308594,406.27167441765806,399.8095040440946,404.8698768958274,15295100
674,2024-09-10,411.7893981933594,413.9069762623546,405.327227721672,405.8243177579556,19594300
675,2024-09-11,420.57794189453125,421.52239474938517,407.19625641616165,413.08181573237965,19266900
676,2024-09-12,424.514892578125,424.8827343519594,417.30708702498356,420.84636566939764,17418800
677,2024-09-13,428.083984375,429.3167579290349,422.98383586069434,423.35167762504557,15874600
678,2024-09-16,428.8296203613281,431.0068771042965,425.72778345078893,428.09393683099876,13834700
679,2024-09-17,432.6174621582031,439.27848092894993,429.75421863095636,437.6679140298658,18874200
680,2024-09-18,428.302734375,433.4923558065776,427.9050683956392,432.46835149823806,18898000
681,2024-09-19,436.1368713378906,438.9305149970845,434.3572804602649,438.6620972919553,21706600
682,2024-09-20,432.7367858886719,436.6836823244085,431.69290886011487,434.6754493302442,55167100
683,2024-09-23,430.9870300292969,433.9198431554934,427.88519293448667,431.75253779309,15128900
684,2024-09-24,426.6722717285156,430.82793711748263,423.62013164821116,430.47996802683457,17015800
685,2024-09-25,429.59515380859375,430.599285430914,426.0757780554542,427.3284243659067,13396400
686,2024-09-26,428.7998046875,432.766573468399,426.6324994108163,432.5578041483432,14492000
687,2024-09-27,425.5289306640625,429.3366572153901,424.982143776937,429.0085608111411,14896100
688,2024-09-30,427.795654296875,427.91498138591425,422.89435403602215,425.71782167728367,16807300
689,2024-10-01,418.2416076660156,425.9862787507864,416.3725443176016,425.95645456288486,19092900
690,2024-10-02,414.7023620605469,420.3592494217051,414.2847930567838,420.12062555956777,16582300
691,2024-10-03,414.11578369140625,417.1082451347957,411.8788784861643,415.19943635003835,13686400
692,2024-10-04,413.6385498046875,417.30707662196244,412.55489718933603,415.80585503539044,19169700
693,2024-10-07,407.1565246582031,414.68244492002515,406.6196589116371,413.5789195776064,20919800
694,2024-10-08,412.29644775390625,413.24093104669487,405.7945313192391,408.5086237522523,19229300
695,2024-10-09,415.0303955078125,417.93341460570645,411.88878290651843,413.4397013585542,14974300
696,2024-10-10,413.41986083984375,414.92108254210694,410.74551386798254,412.81342552487126,13848400
697,2024-10-11,413.89703369140625,414.70231708134946,410.84489374484957,413.7180885691892,14144900
698,2024-10-14,416.7006530761719,421.5721293976272,415.09005586184196,415.3386008817118,16653100
699,2024-10-15,416.3029479980469,420.02120204810905,412.84322081195853,419.7229298265709,18900200
700,2024-10-16,413.69818115234375,413.93677464609624,408.0910216693982,412.7537283462629,15508900
701,2024-10-17,414.2947082519531,420.0410676802283,413.17127995027164,419.9018679111856,14820000
702,2024-10-18,415.7263488769531,417.2076674979936,413.8374127793913,414.7122961104646,17145300
703,2024-10-21,416.3427429199219,416.5216880571269,411.3420182082338,413.6982202013397,14206100
704,2024-10-22,425.0219421386719,428.07405197206367,415.6070554250592,416.0544182638452,25482200
705,2024-10-23,422.1288757324219,428.5711433507003,420.0709156477079,428.35242251551375,19654400
706,2024-10-24,422.25811767578125,423.5008427798279,419.94166109145596,422.85460145374896,13581600
707,2024-10-25,425.658203125,430.0027653012564,424.0874119188817,424.2763085648032,16899100
708,2024-10-28,424.1072998046875,429.4261695906152,423.81897907057987,429.1478003666399,14882400
709,2024-10-29,429.43609619140625,430.64899709836675,423.32186444879665,425.5090727531412,17644100
710,2024-10-30,430.0127258300781,435.9479823564893,429.5852356603292,434.8941538571239,29749100
711,2024-10-31,403.985107421875,413.73801220344217,403.9353802107126,412.94264988457604,53971000
712,2024-11-01,407.981689453125,413.0818383039077,405.12839737386855,406.6296190582037,24230400
713,2024-11-04,406.0827941894531,408.03140902561756,403.2096294840388,407.414991879503,19672300
714,2024-11-05,409.0653076171875,412.4852893556826,405.70497425343626,405.99329495800964,17626000
715,2024-11-06,417.73455810546875,418.00300613139274,408.1307753660983,410.01974169679755,26681800
716,2024-11-07,422.9540100097656,424.3657590257446,417.43632288625736,418.8281688837221,19901800
717,2024-11-08,420.0808410644531,424.0177855133015,419.32525452801985,422.8446603519728,16891400
718,2024-11-11,415.57720947265625,422.3376216288976,413.5788978774876,420.0609408352946,24503300
719,2024-11-12,420.5679931640625,421.969790701444,414.77193671429194,415.81581365023004,19401200
720,2024-11-13,422.7253723144531,426.8313104637277,415.7760330857976,419.1860937392156,21502200
721,2024-11-14,424.4055480957031,425.6780973820496,417.5556327945319,422.526533184943,30246900
722,2024-11-15,412.5847473144531,420.3393400677491,411.23267692258383,417.3767027455775,28247600
723,2024-11-18,413.34033203125,415.9649517435253,409.7016291897124,412.4554971706168,24742000
724,2024-11-19,415.3584899902344,415.5076109291685,409.154785870871,410.7057043157201,18133500
725,2024-11-20,413.0718688964844,414.86141123218795,408.19044109637775,414.4438422518667,19191700
726,2024-11-21,411.2887268066406,418.1722655525636,408.7186214344056,417.8933391524707,20780200
727,2024-11-22,415.40289306640625,415.80135498920845,409.48564079067086,409.79445106089474,24814600
728,2024-11-25,417.1860656738281,419.46727321033643,413.2611532266888,416.7776323033626,27691100
729,2024-11-26,426.350830078125,427.396826920373,417.24585120009374,417.98300734363517,23458900
730,2024-11-27,421.3699645996094,425.59374633298364,420.4036784238945,423.48184026594765,18332400
731,2024-11-29,421.83819580078125,423.25277076525435,416.1998692026867,418.4811073183322,16271900
732,2024-12-02,429.3293762207031,431.3416287639885,419.6963985253484,419.95541246483856,20207200
733,2024-12-03,429.5485534667969,430.8136785324232,426.10178307894205,428.19374634076934,18302000
734,2024-12-04,435.7447204589844,437.98610309109085,430.973057365549,431.3715193088951,26009400
735,2024-12-05,440.9248046875,442.9570002031869,434.4995257845279,436.2428234590915,21697800
736,2024-12-06,441.87115478515625,444.3914637865622,440.0780304611881,440.605999369761,18821000
737,2024-12-09,444.311767578125,446.61291802797285,438.8129196876974,440.904882933204,19144400
738,2024-12-10,441.6320495605469,447.89796761162455,439.9086948512907,442.6880177694449,18469500
739,2024-12-11,447.2704162597656,448.6252234428676,442.34933339299914,442.34933339299914,19200200
740,2024-12-12,447.83819580078125,454.4129240722559,447.389907127457,447.389907127457,20834800
741,2024-12-13,445.5569763183594,449.7010474581427,443.8734464678006,446.722508676707,20177800
742,2024-12-16,449.86041259765625,450.4481492573408,443.57458224663304,445.55695084461104,23598800
743,2024-12-17,452.7194519042969,453.5462901057899,447.84819595840975,449.2826833242326,22733500
744,2024-12-18,435.71484375,450.9163784238889,435.34623528561843,449.59148560028365,24444500
745,2024-12-19,435.356201171875,441.4826409757379,434.64892893973837,439.92861811038824,22963700
746,2024-12-20,434.9278869628906,442.04052591747404,426.98840977197597,431.4512325197303,64263700
747,2024-12-23,433.5830383300781,435.97384050264867,431.1722932989543,435.06732205874545,19152500
748,2024-12-24,437.64739990234375,437.91638528778583,432.52710135873434,432.98533109593694,7164500
749,2024-12-26,436.43206787109375,439.2512462781778,434.9577555797017,437.3983540840164,8194200
750,2024-12-27,428.881103515625,433.5531436249425,424.71711987555517,432.9355230391817,18117700
751,2024-12-30,423.2029113769531,425.91249514442245,420.2841404099869,424.42821148968693,13158700
752,2024-12-31,419.88568115234375,425.09566152109494,419.0489019483089,424.4680695178944,13246500
753,2025-01-02,416.97686767578125,424.43820240788705,413.2611726539346,423.90026204092493,16896500
754,2025-01-03,421.7286071777344,422.40599553232005,417.93320162542307,419.4672816518615,16662900
755,2025-01-06,426.21136474609375,432.6565862275622,423.85044657634234,426.3607841744266,20573600
756,2025-01-07,420.7523498535156,429.00063686122985,419.18835553907815,427.356962317073,18139100
757,2025-01-08,422.9339599609375,425.3347334633813,419.9255373117582,421.8381668103431,15054600
758,2025-01-10,417.345458984375,423.0833778600729,413.4304875422897,423.0036976315441,20201100
759,2025-01-13,415.5921936035156,416.8971739621178,410.71096634455273,413.6496498082875,17604800
760,2025-01-14,414.0780334472656,418.13242259689986,409.1469793562449,416.2098216251219,16935900
761,2025-01-15,424.67724609375,426.51019531397225,416.6680304830878,417.5247525233758,19637800
762,2025-01-16,422.953857421875,427.8450559110229,422.76461308505725,427.0581034768278,15300000
763,2025-01-17,427.3868408203125,432.81597982276594,426.53014915865293,432.4274589059452,26197500
764,2025-01-21,426.85888671875,429.2496888722742,423.9699995165458,428.55238804454143,26085700
765,2025-01-22,444.4910888671875,445.5569677171093,434.33014218783535,435.8841650351672,27803800
766,2025-01-23,444.9991149902344,445.03897030447143,439.8090775364838,440.30716256200645,18389300
767,2025-01-24,442.3592834472656,444.9393603072831,439.70946738545626,443.4550766157881,15549500
768,2025-01-27,432.8956604003906,433.5332238334213,421.8780219291722,422.3860783898249,35647800
769,2025-01-28,445.4872741699219,446.66274757404807,429.72785612913765,432.93552501884864,23491700
770,2025-01-29,440.6358947753906,445.16848684550723,438.7132938317083,444.97921209968376,23581400
771,2025-01-30,413.4006042480469,421.24045777086803,411.57762641112805,417.1661258658952,54586300
772,2025-01-31,413.4703369140625,419.0787791378778,413.32091748728266,417.3753368711932,34223400
773,2025-02-03,409.3462219238281,413.819015846871,407.09486781879804,410.02361028085903,25679100
774,2025-02-04,410.7906494140625,412.3347312724244,408.1707172498281,411.1094311345796,20532100
775,2025-02-05,411.7071228027344,412.2450327338191,408.828176805576,410.77072053658367,16316700
776,2025-02-06,414.2274475097656,416.59833715024297,412.41441067873023,412.41441067873023,16309800
777,2025-02-07,408.1806945800781,417.0466023053385,406.5370200109021,414.8849302333569,22886800
778,2025-02-10,410.6412048339844,413.86878595463395,409.3461959746536,412.12548842823685,20817900
779,2025-02-11,409.86419677734375,410.91016314142485,407.73237833536206,408.07110289586285,18140600
780,2025-02-12,407.473388671875,409.1768308737253,402.82126135721137,405.6503805324544,19121700
781,2025-02-13,408.9676513671875,409.4258810673793,404.8036375500993,405.4412009596675,23891700
782,2025-02-14,406.86572265625,407.3438952203064,404.3255012113121,406.22818963820515,22758500
783,2025-02-18,408.07110595703125,409.0274206742818,404.943117468385,406.43737251439387,21423100
784,2025-02-19,413.1814270019531,413.8986706302125,406.0887013451084,406.3178313932664,24114200
785,2025-02-20,415.3674621582031,418.5416276159257,411.78404435480104,414.52900508229465,23508700
786,2025-02-21,407.4619445800781,417.28390907488637,407.14255413255484,416.57521868274245,27524800
787,2025-02-24,403.2596740722656,408.6198287275297,398.58825743588903,407.7614192904554,26443700
788,2025-02-25,397.17083740234375,401.18349019975926,395.9730546936776,400.3649855487621,29387400
789,2025-02-26,398.99749755859375,402.860400830509,393.5275288045757,397.28064827533655,19619000
790,2025-02-27,391.8106994628906,404.9964840093174,391.45137377356565,400.53467393026557,21127400
791,2025-02-28,396.26251220703125,396.9013540385077,385.86162375466716,391.94046026830176,32845700
792,2025-03-03,387.778076171875,398.0891633417286,385.4523593369203,398.0891633417286,23007700
793,2025-03-04,387.8978576660156,391.86058386063223,380.30181761040467,382.6974135187692,29342900
794,2025-03-05,400.2851257324219,400.9339589862258,388.09750890861034,388.62653647287385,23433100
795,2025-03-06,396.1627197265625,401.4130601425524,391.9604125552081,393.557486671848,23304600
796,2025-03-07,392.5892639160156,394.07652376953155,384.83351327034705,391.601087821307,22034100
797,2025-03-10,379.46337890625,385.69193466137494,376.5287638766263,385.1329632711281,32840100
798,2025-03-11,379.7528381347656,385.29265558349334,376.2193166501511,378.30548307291184,30380200
799,2025-03-12,382.5676574707031,384.5140963348653,378.2555969008229,382.2482670126177,24253600
800,2025-03-13,378.0758972167969,384.6139126915579,376.75833925298997,382.4578672121625,20473000
801,2025-03-14,387.84796142578125,389.51491455417886,378.81455773398244,379.0840519928303,19952800
802,2025-03-17,387.98773193359375,391.99036302361236,384.8634626840814,385.9913968692823,22474300
803,2025-03-18,382.81719970703125,386.6601507855219,380.4016513456866,386.36071271152235,19486900
804,2025-03-19,387.1093444824219,388.9659214939022,383.29633715100766,384.8235322758774,19185500
805,2025-03-20,386.131103515625,391.07204471614995,382.5776297310475,385.0331131975468,18470500
806,2025-03-21,390.54302978515625,391.0221306945889,382.09851071654674,382.5177544739553,39675900
807,2025-03-24,392.35968017578125,394.67543616141086,389.09568331150246,394.67543616141086,21004500
808,2025-03-25,394.4358825683594,395.63366532055824,391.9205113732519,393.19816458592396,15775000
809,2025-03-26,389.2554016113281,394.5856126855185,387.85797313035886,394.27618318122023,16108400
810,2025-03-27,389.8642578125,391.5212195564284,386.6900923994873,389.4151007040484,13766800
811,2025-03-28,378.1058349609375,388.4169222438939,376.2392666189567,387.36882809704144,21632000
812,2025-03-31,374.7021179199219,376.3790320336197,366.5670283067677,371.8573344110368,35184700
813,2025-04-01,381.4896545410156,382.1484487727996,372.54608191207893,373.96346276032,19689500
814,2025-04-02,381.43975830078125,384.3743428432238,375.92985398533636,377.2773862564683,16092600
815,2025-04-03,372.42626953125,376.788287190408,368.67318036225987,374.10321411915555,30198000
816,2025-04-04,359.18060302734375,373.9035742050073,358.8212773354498,363.4627502923482,49209900
817,2025-04-07,357.2042236328125,370.32015981776436,344.1581969485817,350.2370336524557,50425000
818,2025-04-08,353.9102783203125,372.9652928837084,349.6081786868937,367.585185716996,35868900
819,2025-04-09,389.7744140625,392.50941370351666,352.45294739016697,352.8921435234206,50199700
820,2025-04-10,380.65118408203125,383.19649903483815,367.12599611378243,381.3598744812396,38024400
821,2025-04-11,387.7381896972656,389.3352333779351,378.19571053548395,379.9425037151649,23839200
822,2025-04-14,387.0993347167969,393.92679674338564,383.5059256339463,392.4994245329486,19251200
823,2025-04-15,385.0231628417969,391.17187833074144,383.4560325474498,387.79806728846995,17199900
824,2025-04-16,370.92901611328125,380.9106912763521,367.32564600100716,379.97244183574617,21967800
825,2025-04-17,367.1060485839844,373.6340726815441,366.2176953329466,373.0651098854367,20943700
826,2025-04-21,358.4619140625,363.8121077971333,355.01825440362086,362.1551460624454,20807300
827,2025-04-22,366.1478271484375,367.09606804173376,359.20055908423666,362.7141283475077,19485000
828,2025-04-23,373.7039489746094,379.6929540391626,372.33643389707953,375.3708716590499,20545500
829,2025-04-24,386.59027099609375,387.7381880213899,374.5024768665421,375.01155205300716,22232300
830,2025-04-25,391.1319580078125,391.44138750936105,383.8952433175299,386.29083932956814,18973200
831,2025-04-28,390.4432067871094,392.0202980494585,385.9315006090283,391.241728610284,16579400
832,2025-04-29,393.31793212890625,394.3759872470841,389.66463540586307,390.5829324517716,14974000
833,2025-04-30,394.53570556640625,395.93313400867555,383.73552563819743,389.58477271143016,36461100
834,2025-05-01,424.6204528808594,436.1892106723326,424.12136912560175,430.3199808366381,58938100
835,2025-05-02,434.48236083984375,438.63474141621873,429.20204608174254,430.948839257634,30757400
836,2025-05-05,435.3707275390625,438.6946118778074,431.3181395047298,432.07675654489867,20136100
837,2025-05-06,432.5159606933594,436.92787448428356,430.3798980651205,431.408009380462,15104200
838,2025-05-07,432.555908203125,437.3171563878889,430.319992206568,433.04500054847074,23295300
839,2025-05-08,437.3670654296875,442.85698666150637,434.86165526525525,437.12748451655574,23491300
840,2025-05-09,437.9260559082031,439.93235195021686,435.08127232610667,439.19371771814804,15324200
841,2025-05-12,448.4367370605469,448.5465208630377,438.9740982732109,445.12281367736733,22821900
842,2025-05-13,448.3169860839844,449.8441812103938,444.54388351816056,446.9594623818115,23618800
843,2025-05-14,452.1099853515625,453.0682176126866,447.3187935842875,447.3187935842875,19902800
844,2025-05-15,453.1300048828125,456.19000244140625,450.42999267578125,450.7699890136719,21992300
845,2025-05-16,454.2699890136719,454.3599853515625,448.7300109863281,452.04998779296875,23849800
846,2025-05-19,458.8699951171875,459.5899963378906,450.79998779296875,450.8800048828125,21336500
847,2025-05-20,458.1700134277344,458.3399963378906,454.32000732421875,455.5899963378906,15441800
848,2025-05-21,452.57000732421875,457.7799987792969,451.80999755859375,454.57000732421875,19216900
849,2025-05-22,454.8599853515625,460.25,453.8999938964844,454.95001220703125,18025600
850,2025-05-23,450.17999267578125,453.69000244140625,448.9100036621094,449.9800109863281,16883500
851,2025-05-27,460.69000244140625,460.95001220703125,456.1199951171875,456.4800109863281,20974300
852,2025-05-28,457.3599853515625,462.5199890136719,456.92999267578125,461.2200012207031,17086300
853,2025-05-29,458.67999267578125,461.7200012207031,455.30999755859375,461.54998779296875,13974800
854,2025-05-30,460.3599853515625,461.67999267578125,455.5400085449219,459.7200012207031,34760500
